0,-238406,13285.3,-60365.7,1381.67,-17325.7,-701.461,701.461,0
0.001,-239771,6254.84,-60758.4,94.5923,-17458.9,-983.45,983.45,0
0.002,-240954,-857.257,-61171.1,-1210.87,-17629,-1272.75,1272.75,0
0.003,-241952,-8046.05,-61603.8,-2535.92,-17836.5,-1571.65,1571.65,0
0.004,-242762,-15306.4,-62056.7,-3881.78,-18082,-1882.48,1882.48,0
0.005,-243378,-22632.7,-62529.7,-5249.65,-18365.9,-2207.61,2207.61,0
0.006,-243796,-30019.4,-63022.8,-6640.71,-18688.8,-2549.44,2549.44,0
0.007,-244013,-37460.2,-63535.7,-8056.11,-19050.8,-2910.39,2910.39,0
0.008,-244025,-44948.9,-64068.2,-9496.96,-19452.5,-3292.87,3292.87,0
0.009,-243826,-52478.6,-64619.9,-10964.3,-19894,-3699.31,3699.31,0
0.01,-243414,-60041.9,-65190.2,-12459.1,-20375.6,-4132.1,4132.1,0
0.011,-242784,-67631.1,-65778.5,-13982.2,-20897.3,-4593.59,4593.59,0
0.012,-241931,-75238,-66383.8,-15534.2,-21459.1,-5086.07,5086.07,0
0.013,-240852,-82853.7,-67005,-17115.8,-22060.8,-5611.7,5611.7,0
0.014,-239542,-90468.5,-67640.7,-18727.3,-22702.1,-6172.55,6172.55,0
0.015,-237997,-98072.3,-68289.4,-20368.6,-23382.4,-6770.48,6770.48,0
0.016,-236213,-105654,-68948.9,-22039.7,-24101.1,-7407.18,7407.18,0
0.017,-234186,-113202,-69616.9,-23739.9,-24857.1,-8084.03,8084.03,0
0.018,-231912,-120703,-70290.6,-25468.3,-25649.2,-8802.12,8802.12,0
0.019,-229388,-128144,-70966.9,-27223.3,-26475.8,-9562.16,9562.16,0
0.02,-226609,-135510,-71642.1,-29003.2,-27335.1,-10364.4,10364.4,0
0.021,-223572,-142785,-72312.1,-30805.2,-28224.9,-11208.7,11208.7,0
0.022,-220276,-149952,-72972.1,-32626.2,-29142.4,-12094.1,12094.1,0
0.023,-216716,-156994,-73616.9,-34462.4,-30084.8,-13019.3,13019.3,0
0.024,-212892,-163891,-74240.7,-36308.9,-31048.7,-13982.1,13982.1,0
0.025,-208802,-170622,-74837.3,-38160.4,-32030,-14979.6,14979.6,0
0.026,-204447,-177168,-75399.8,-40010.5,-33024.7,-16008,16008,0
0.027,-199827,-183504,-75920.9,-41852,-34028,-17062.9,17062.9,0
0.028,-194943,-189610,-76392.9,-43676.9,-35034.9,-18138.6,18138.6,0
0.029,-189801,-195460,-76807.8,-45476.2,-36039.9,-19229,19229,0
0.03,-184404,-201032,-77157.2,-47240.3,-37037.5,-20326.8,20326.8,0
0.031,-178759,-206301,-77432.9,-48958.8,-38021.7,-21424,21424,0
0.032,-172874,-211243,-77626.4,-50620.7,-38986.5,-22511.8,22511.8,0
0.033,-166761,-215836,-77729.7,-52214.7,-39925.9,-23581.1,23581.1,0
0.034,-160431,-220058,-77735,-53729.2,-40833.8,-24621.8,24621.8,0
0.035,-153900,-223888,-77635,-55152.6,-41704.6,-25623.9,25623.9,0
0.036,-147183,-227309,-77423.5,-56473.4,-42532.8,-26577.3,26577.3,0
0.037,-140301,-230304,-77095,-57680.8,-43313.6,-27471.8,27471.8,0
0.038,-133272,-232862,-76645.1,-58764.7,-44042.7,-28297.7,28297.7,0
0.039,-126120,-234974,-76071,-59716.1,-44716.8,-29046,29046,0
0.04,-118868,-236633,-75371.2,-60527.1,-45333.1,-29708.6,29708.6,0
0.041,-111541,-237840,-74545.6,-61191.7,-45890.3,-30278.4,30278.4,0
0.042,-104166,-238596,-73596.2,-61705.5,-46387.8,-30749.7,30749.7,0
0.043,-96767.1,-238910,-72526.2,-62066.1,-46826.4,-31118.4,31118.4,0
0.044,-89371.2,-238793,-71340.7,-62273,-47208.1,-31382,31382,0
0.045,-82003.6,-238261,-70046.3,-62328.1,-47536.1,-31539.8,31539.8,0
0.046,-74688.7,-237334,-68651.2,-62235.1,-47814.6,-31592.8,31592.8,0
0.047,-67449.6,-236034,-67164.9,-61999.9,-48049.3,-31543.9,31543.9,0
0.048,-60307.9,-234387,-65598.2,-61630.2,-48246.7,-31397.7,31397.7,0
0.049,-53283,-232421,-63962.6,-61135.3,-48414.4,-31160.3,31160.3,0
0.05,-46392.4,-230165,-62270.9,-60526.1,-48560.8,-30839.2,30839.2,0
0.051,-39651,-227650,-60536.1,-59814.6,-48695.2,-30443.5,30443.5,0
0.052,-33071.6,-224906,-58771.9,-59013.9,-48827.4,-29982.9,29982.9,0
0.053,-26664.6,-221963,-56992.4,-58137.5,-48967.9,-29468.1,29468.1,0
0.054,-20438.3,-218850,-55211.5,-57199.5,-49127.4,-28910.6,28910.6,0
0.055,-14398.9,-215596,-53443.3,-56213.8,-49317.3,-28321.9,28321.9,0
0.056,-8550.92,-212225,-51701.8,-55194.5,-49548.8,-27714.1,27714.1,0
0.057,-2897.38,-208762,-50001.1,-54155.1,-49833.8,-27098.9,27098.9,0
0.058,2559.77,-205226,-48354.8,-53108.6,-50183.9,-26488.1,26488.1,0
0.059,7819.35,-201636,-46776.6,-52067.5,-50611.3,-25893.1,25893.1,0
0.06,12880.6,-198006,-45280.1,-51043.4,-51128,-25325,25325,0
0.061,17742.5,-194348,-43878.9,-50047,-51746.3,-24794.3,24794.3,0
0.062,22403.9,-190671,-42586.6,-49088.1,-52478.8,-24311.1,24311.1,0
0.063,26862.7,-186981,-41417,-48175.6,-53338.1,-23884.7,23884.7,0
0.064,31115.5,-183280,-40384.4,-47317.6,-54337.4,-23524.2,23524.2,0
0.065,35157.3,-179569,-39503.5,-46521.1,-55490.1,-23237.6,23237.6,0
0.066,38981.4,-175847,-38789.6,-45792.3,-56810.1,-23032.8,23032.8,0
0.067,42578.4,-172107,-38258.9,-45136.5,-58311.9,-22916.6,22916.6,0
0.068,45936.6,-168344,-37928.3,-44558.3,-60010.6,-22895.7,22895.7,0
0.069,49041.3,-164550,-37816.3,-44061.4,-61922,-22975.8,22975.8,0
0.07,51874.4,-160715,-37942.2,-43648.8,-64062.7,-23162.2,23162.2,0
0.071,54414.6,-156827,-38326.9,-43322.8,-66450.1,-23459.5,23459.5,0
0.072,56636.7,-152876,-38993,-43085.1,-69102.4,-23871.8,23871.8,0
0.073,58511.9,-148847,-39964.5,-42936.6,-72039,-24402.2,24402.2,0
0.074,60007.2,-144729,-41267,-42877.4,-75280,-25053.4,25053.4,0
0.075,61085.9,-140509,-42928.1,-42907.3,-78846.3,-25827,25827,0
0.076,61707,-136175,-44976.8,-43024.8,-82759.9,-26723.6,26723.6,0
0.077,61826,-131714,-47443.7,-43228.1,-87043.2,-27743,27743,0
0.078,61394.5,-127119,-50360.8,-43514.3,-91719.4,-28883.6,28883.6,0
0.079,60361.2,-122379,-53761.3,-43879.6,-96811.8,-30142.3,30142.3,0
0.08,58671.9,-117489,-57679,-44319.4,-102344,-31514.7,31514.7,0
0.081,56270.5,-112445,-62148.2,-44827.8,-108339,-32994.7,32994.7,0
0.082,53100,-107248,-67202.7,-45397.8,-114819,-34574,34574,0
0.083,49103,-101900,-72875.5,-46021.3,-121804,-36242.6,36242.6,0
0.084,44223.9,-96407.5,-79197.7,-46688.8,-129315,-37988.1,37988.1,0
0.085,38409.4,-90782.5,-86197.7,-47389.5,-137367,-39795.7,39795.7,0
0.086,31611.1,-85040.4,-93900.1,-48111.1,-145973,-41648.4,41648.4,0
0.087,23786.6,-79201.6,-102325,-48840,-155142,-43526.7,43526.7,0
0.088,14901.7,-73290.9,-111485,-49561.3,-164877,-45408.7,45408.7,0
0.089,4987.47,-67346.4,-121313,-50236.7,-175094,-47242.5,47242.5,0
0.09,3131.73,-62880.2,-119845,-47459.6,-172563,-44761,44761,0
0.091,5142.29,-59387,-113603,-43497.6,-164819,-40717,40717,0
0.092,10752.3,-56831.8,-103359,-38747,-152858,-35582.2,35582.2,0
0.093,19521.3,-55106.3,-89982.4,-33573.3,-137739,-29805.1,29805.1,0
0.094,30900.8,-54055.2,-74355.6,-28290.2,-120496,-23781.3,23781.3,0
0.095,44290.6,-53500.3,-57316.5,-23150.4,-102078,-17839.1,17839.1,0
0.096,59082.9,-53258.6,-39621.9,-18344.7,-83310.3,-12234.7,12234.7,0
0.097,74695.5,-53157,-21925.1,-14005.7,-64883.6,-7154.26,7154.26,0
0.098,90596,-53041.4,-4766.32,-10214.5,-47345.2,-2719.78,2719.78,0
0.099,106318,-52782.9,11430.2,-7008.03,-31104.1,1002.58,-1002.58,0
0.1,121474,-52280.9,26352.9,-4387.79,-16440.1,3993.5,-3993.5,0
0.101,135756,-51463.2,39796.3,-2327.63,-3515.78,6271.1,-6271.1,0
0.102,148941,-50284.9,51650.5,-781.435,7608.45,7881.66,-7881.66,0
0.103,160887,-48725.3,61889.8,309.838,16958.2,8890.99,-8890.99,0
0.104,171525,-46784.4,70558.4,1012,24628.1,9376.38,-9376.38,0
0.105,180848,-44478.2,77755.8,1392.39,30764.5,9419.74,-9419.74,0
0.106,188906,-41833.8,83621.9,1515.67,35548.7,9101.83,-9101.83,0
0.107,195786,-38885.8,88322.1,1440.66,39181.6,8497.78,-8497.78,0
0.108,201602,-35671.6,92033.5,1218.33,41869.3,7674.06,-7674.06,0
0.109,206481,-32228.9,94932.8,890.687,43811.5,6686.61,-6686.61,0
0.11,210549,-28593.3,97185,490.565,45191.2,5580.24,-5580.24,0
0.111,213925,-24797.3,98935.2,42.1908,46166.5,4389.11,-4389.11,0
0.112,216704,-20869.6,100301,-437.687,46864.7,3137.9,-3137.9,0
0.113,218957,-16835.9,101366,-938.205,47377.9,1843.88,-1843.88,0
0.114,220720,-12719.5,102180,-1452.46,47759.1,519.278,-519.278,0
0.115,221998,-8543.51,102753,-1975.36,48023.4,-825.936,825.936,0
0.116,222782,-4331.22,103081,-2502.08,48169.8,-2181.98,2181.98,0
0.117,223069,-106.406,103164,-3027.68,48197.4,-3538.9,3538.9,0
0.118,222863,4107.29,103002,-3547.26,48106.8,-4886.8,4886.8,0
0.119,222171,8286.82,102599,-4056,47899.7,-6215.99,6215.99,0
0.12,221007,12410.2,101963,-4549.28,47579.3,-7517.19,7517.19,0
0.121,219392,16456.8,101101,-5022.76,47150,-8781.69,8781.69,0
0.122,217348,20408,100025,-5472.41,46617.1,-10001.5,10001.5,0
0.123,214903,24247.2,98749.2,-5894.61,45986.7,-11169.4,11169.4,0
0.124,212087,27960,97287,-6286.17,45265.8,-12279.2,12279.2,0
0.125,208934,31534.6,95654.4,-6644.34,44462,-13325.7,13325.7,0
0.126,205478,34961.8,93868,-6966.87,43583,-14304.4,14304.4,0
0.127,201755,38234.7,91944.7,-7251.92,42637,-15212.1,15212.1,0
0.128,197800,41348.9,89901.5,-7498.15,41631.9,-16046.4,16046.4,0
0.129,193648,44302.5,87755.3,-7704.61,40575.9,-16805.8,16805.8,0
0.13,189334,47095.4,85522.4,-7870.72,39476.6,-17489.8,17489.8,0
0.131,184891,49729.9,83218.4,-7996.28,38341.6,-18098.4,18098.4,0
0.132,180348,52209.5,80858.1,-8081.37,37177.8,-18632.3,18632.3,0
0.133,175736,54539.7,78455.3,-8126.31,35991.9,-19092.9,19092.9,0
0.134,171081,56727,76022.6,-8131.66,34789.7,-19481.9,19481.9,0
0.135,166406,58778.9,73571.5,-8098.11,33576.8,-19801.6,19801.6,0
0.136,161733,60704,71112.3,-8026.49,32358.1,-20054.3,20054.3,0
0.137,157082,62511.2,68654.1,-7917.71,31137.8,-20242.8,20242.8,0
0.138,152469,64210.1,66204.8,-7772.71,29919.8,-20369.7,20369.7,0
0.139,147908,65810.6,63771.3,-7592.47,28707.3,-20438,20438,0
0.14,143412,67322.5,61359.3,-7377.95,27503,-20450.5,20450.5,0
0.141,138990,68756,58973.6,-7130.05,26309.2,-20410.1,20410.1,0
0.142,134651,70121,56617.9,-6849.66,25127.7,-20319.5,20319.5,0
0.143,130401,71427.3,54295.3,-6537.59,23959.9,-20181.5,20181.5,0
0.144,126245,72684.7,52007.9,-6194.55,22806.7,-19998.4,19998.4,0
0.145,122185,73902.3,49757.2,-5821.2,21669.1,-19772.8,19772.8,0
0.146,118223,75089.4,47544.1,-5418.1,20547.3,-19506.9,19506.9,0
0.147,114360,76254.7,45369,-4985.7,19441.5,-19202.8,19202.8,0
0.148,110596,77406.7,43231.5,-4524.39,18351.6,-18862.3,18862.3,0
0.149,106929,78553.3,41131.3,-4034.46,17277.5,-18487.3,18487.3,0
0.15,103357,79702.5,39067.3,-3516.12,16218.6,-18079.4,18079.4,0
0.151,99876,80861.5,37038.2,-2969.49,15174.4,-17639.9,17639.9,0
0.152,96483.4,82037.4,35042.6,-2394.66,14144.4,-17170.3,17170.3,0
0.153,93174.5,83236.9,33078.6,-1791.62,13127.6,-16671.6,16671.6,0
0.154,89944.7,84466.3,31144.6,-1160.35,12123.3,-16145,16145,0
0.155,86788.7,85731.5,29238.3,-500.753,11130.6,-15591.4,15591.4,0
0.156,83700.8,87038.2,27357.6,187.248,10148.6,-15011.7,15011.7,0
0.157,80675.1,88391.6,25500.4,903.756,9176.36,-14406.6,14406.6,0
0.158,77705.4,89796.7,23664.4,1648.86,8213.05,-13777,13777,0
0.159,74785,91257.9,21847.2,2422.64,7257.73,-13123.5,13123.5,0
0.16,71907.1,92779.5,20046.8,3225.09,6309.55,-12446.9,12446.9,0
0.161,69064.6,94365,18260.8,4056.17,5367.7,-11747.9,11747.9,0
0.162,66250.3,96017.9,16487,4915.76,4431.42,-11027.1,11027.1,0
0.163,63456.8,97741,14723.4,5803.61,3500.04,-10285.4,10285.4,0
0.164,60676.2,99536.7,12968,6719.34,2572.97,-9523.69,9523.69,0
0.165,57901,101407,11218.9,7662.44,1649.71,-8742.8,8742.8,0
0.166,55123.2,103352,9474.35,8632.18,729.886,-7943.84,7943.84,0
0.167,52334.7,105374,7732.82,9627.68,-186.775,-7127.99,7127.99,0
0.168,49527.6,107473,5992.9,10647.8,-1100.39,-6296.59,6296.59,0
0.169,46693.7,109647,4253.42,11691.1,-2010.95,-5451.15,5451.15,0
0.17,43824.8,111895,2513.42,12755.9,-2918.28,-4593.38,4593.38,0
0.171,40913,114215,772.179,13840.4,-3822.04,-3725.18,3725.18,0
0.172,37950.1,116604,-970.746,14942.1,-4721.71,-2848.68,2848.68,0
0.173,34928.4,119058,-2715.52,16058.6,-5616.6,-1966.25,1966.25,0
0.174,31840.2,121571,-4462.02,17186.8,-6505.83,-1080.47,1080.47,0
0.175,28678,124139,-6209.8,18323.5,-7388.33,-194.187,194.187,0
0.176,25434.7,126753,-7958.1,19465,-8262.85,689.539,-689.539,0
0.177,22103.7,129407,-9705.81,20607.3,-9127.93,1567.42,-1567.42,0
0.178,18678.8,132090,-11451.5,21746.1,-9981.95,2435.94,-2435.94,0
0.179,15154.2,134793,-13193.4,22876.8,-10823.1,3291.43,-3291.43,0
0.18,11525,137505,-14929.5,23994.4,-11649.4,4130.03,-4130.03,0
0.181,7786.78,140214,-16657.3,25093.8,-12458.8,4947.79,-4947.79,0
0.182,3936.02,142907,-18374.1,26169.6,-13249.1,5740.65,-5740.65,0
0.183,-29.9643,145570,-20077,27216.4,-14017.8,6504.55,-6504.55,0
0.184,-4112.96,148189,-21762.8,28228.5,-14762.7,7235.43,-7235.43,0
0.185,-8313.77,150749,-23428.1,29200.3,-15481.2,7929.35,-7929.35,0
0.186,-12632.2,153234,-25069.4,30126.3,-16171.1,8582.49,-8582.49,0
0.187,-17067.1,155629,-26683,31001.2,-16829.9,9191.26,-9191.26,0
0.188,-21616.1,157919,-28265.2,31819.7,-17455.2,9752.35,-9752.35,0
0.189,-26275.9,160087,-29812.6,32577.1,-18045,10262.8,-10262.8,0
0.19,-31042.4,162119,-31321.4,33268.8,-18597.2,10720,-10720,0
0.191,-35910.2,163999,-32788.3,33890.8,-19110,11121.9,-11121.9,0
0.192,-40873.2,165713,-34210.1,34439.6,-19581.8,11466.8,-11466.8,0
0.193,-45924.5,167247,-35583.9,34912.3,-20011.3,11753.7,-11753.7,0
0.194,-51056.3,168589,-36907,35306.5,-20397.6,11982.1,-11982.1,0
0.195,-56260.3,169727,-38177.4,35620.5,-20740,12151.9,-12151.9,0
0.196,-61527.7,170651,-39393.2,35853.4,-21038,12263.8,-12263.8,0
0.197,-66849.2,171352,-40552.9,36004.8,-21291.8,12319,-12319,0
0.198,-72215.4,171823,-41655.9,36075,-21501.7,12319.1,-12319.1,0
0.199,-77616.4,172056,-42701.5,36064.8,-21668.5,12266.4,-12266.4,0
0.2,-83042.5,172046,-43689.9,35975.7,-21793,12163.4,-12163.4,0
0.201,-88484,171791,-44621.6,35809.9,-21876.9,12013.2,-12013.2,0
0.202,-93931.3,171287,-45497.5,35569.6,-21921.5,11819.1,-11819.1,0
0.203,-99375,170533,-46319.2,35257.9,-21929.1,11584.7,-11584.7,0
0.204,-104806,169530,-47088.2,34877.9,-21901.5,11313.9,-11313.9,0
0.205,-110215,168277,-47806.8,34433.2,-21841.4,11010.5,-11010.5,0
0.206,-115595,166778,-48477.3,33927.3,-21751,10678.5,-10678.5,0
0.207,-120936,165034,-49102.4,33364.1,-21633.2,10322,-10322,0
0.208,-126232,163049,-49685,32747.5,-21490.7,9944.79,-9944.79,0
0.209,-131476,160827,-50227.9,32081.2,-21326.2,9550.75,-9550.75,0
0.21,-136659,158372,-50734.4,31369.1,-21142.7,9143.51,-9143.51,0
0.211,-141777,155690,-51207.6,30614.7,-20942.9,8726.53,-8726.53,0
0.212,-146824,152785,-51650.6,29821.6,-20729.6,8303.02,-8303.02,0
0.213,-151792,149663,-52066.6,28993.1,-20505.6,7875.94,-7875.94,0
0.214,-156678,146329,-52458.5,28132.3,-20273.6,7448,-7448,0
0.215,-161476,142788,-52829.5,27242.1,-20036.1,7021.6,-7021.6,0
0.216,-166181,139047,-53182.3,26325.1,-19795.6,6598.87,-6598.87,0
0.217,-170789,135110,-53519.7,25383.7,-19554.5,6181.63,-6181.63,0
0.218,-175295,130983,-53844.3,24420,-19315,5771.43,-5771.43,0
0.219,-179695,126672,-54158.4,23435.8,-19079.2,5369.55,-5369.55,0
0.22,-183984,122181,-54464.4,22432.9,-18849,4976.98,-4976.98,0
0.221,-188160,117516,-54764.2,21412.5,-18626.5,4594.47,-4594.47,0
0.222,-192216,112681,-55059.8,20376,-18413.2,4222.52,-4222.52,0
0.223,-196151,107683,-55353,19324.2,-18210.8,3861.41,-3861.41,0
0.224,-199959,102525,-55645.2,18257.9,-18020.7,3511.21,-3511.21,0
0.225,-203637,97211.7,-55938,17177.7,-17844.5,3171.79,-3171.79,0
0.226,-207181,91748.6,-56232.5,16084.1,-17683.3,2842.84,-2842.84,0
0.227,-210586,86139.8,-56530,14977.3,-17538.3,2523.89,-2523.89,0
0.228,-213850,80390,-56831.4,13857.5,-17410.7,2214.32,-2214.32,0
0.229,-216967,74503.7,-57137.7,12724.7,-17301.4,1913.36,-1913.36,0
0.23,-219935,68485.4,-57449.5,11578.8,-17211.5,1620.13,-1620.13,0
0.231,-222748,62339.5,-57767.5,10419.6,-17141.7,1333.62,-1333.62,0
0.232,-225404,56070.6,-58092.5,9246.89,-17092.9,1052.74,-1052.74,0
0.233,-227898,49683.4,-58424.8,8060.32,-17065.9,776.269,-776.269,0
0.234,-230225,43182.6,-58764.9,6859.47,-17061.4,502.928,-502.928,0
0.235,-232383,36572.7,-59113.1,5643.89,-17080,231.345,-231.345,0
0.236,-234366,29858.8,-59469.9,4413.08,-17122.4,-39.922,39.922,0
0.237,-236171,23045.8,-59835.3,3166.5,-17189.1,-312.383,312.383,0
0.238,-237794,16138.9,-60209.7,1903.58,-17280.8,-587.608,587.608,0
0.239,-239233,9143.34,-60595.1,623.693,-17400,-867.245,867.245,0
0.24,-240491,2064.12,-60999.5,-674.091,-17554.8,-1153.28,1153.28,0
0.241,-241566,-5093.87,-61424,-1990.97,-17746.9,-1447.97,1447.97,0
0.242,-242453,-12325.5,-61868.7,-3328.17,-17976.8,-1753.63,1753.63,0
0.243,-243149,-19625.5,-62333.5,-4686.87,-18245,-2072.62,2072.62,0
0.244,-243648,-26988.1,-62818.3,-6068.29,-18551.8,-2407.32,2407.32,0
0.245,-243948,-34407.6,-63323.2,-7473.58,-18897.8,-2760.14,2760.14,0
0.246,-244045,-41877.4,-63847.7,-8903.88,-19283.2,-3133.51,3133.51,0
0.247,-243933,-49391.1,-64391.6,-10360.3,-19708.4,-3529.85,3529.85,0
0.248,-243609,-56941.6,-64954.4,-11843.7,-20173.5,-3951.56,3951.56,0
0.249,-243068,-64521.1,-65535.4,-13355.1,-20678.8,-4401.02,4401.02,0
0.25,-242307,-72121.8,-66133.8,-14895.2,-21224.2,-4880.54,4880.54,0
0.251,-241321,-79735,-66748.7,-16464.6,-21809.6,-5392.34,5392.34,0
0.252,-240106,-87351.3,-67378.7,-18063.8,-22434.7,-5938.53,5938.53,0
0.253,-238658,-94960.9,-68022.2,-19693,-23099.1,-6521.06,6521.06,0
0.254,-236972,-102553,-68677.5,-21351.9,-23802.2,-7141.7,7141.7,0
0.255,-235045,-110116,-69342.3,-23040.3,-24543,-7801.96,7801.96,0
0.256,-232873,-117638,-70014.1,-24757.2,-25320.5,-8503.05,8503.05,0
0.257,-230452,-125106,-70689.8,-26501.6,-26133.2,-9245.86,9245.86,0
0.258,-227777,-132504,-71365.9,-28271.5,-26979.4,-10030.8,10030.8,0
0.259,-224847,-139818,-72038.6,-30064.8,-27857,-10858,10858,0
0.26,-221657,-147032,-72703.2,-31878.5,-28763.5,-11726.7,11726.7,0
0.261,-218205,-154127,-73354.9,-33709,-29696.1,-12635.8,12635.8,0
0.262,-214489,-161085,-73988.1,-35551.9,-30651.6,-13583.5,13583.5,0
0.263,-210509,-167887,-74596.6,-37402.1,-31626.3,-14567.2,14567.2,0
0.264,-206262,-174511,-75173.9,-39253.6,-32616.1,-15583.5,15583.5,0
0.265,-201750,-180936,-75712.9,-41099.5,-33616.4,-16628.1,16628.1,0
0.266,-196974,-187139,-76205.9,-42932.2,-34622.4,-17696,17696,0
0.267,-191937,-193097,-76645.2,-44743.1,-35628.9,-18781.2,18781.2,0
0.268,-186644,-198785,-77022.5,-46522.8,-36630.3,-19876.9,19876.9,0
0.269,-181099,-204181,-77329.4,-48261.3,-37620.7,-20975.3,20975.3,0
0.27,-175312,-209260,-77557.5,-49947.7,-38594.2,-22068.1,22068.1,0
0.271,-169291,-213999,-77698.7,-51570.9,-39544.7,-23146.1,23146.1,0
0.272,-163048,-218375,-77745,-53119.4,-40466.2,-24199.7,24199.7,0
0.273,-156597,-222368,-77689,-54581.5,-41352.8,-25218.9,25218.9,0
0.274,-149955,-225958,-77523.9,-55945.6,-42199.1,-26193.4,26193.4,0
0.275,-143137,-229130,-77243.8,-57200.8,-42999.9,-27113.2,27113.2,0
0.276,-136166,-231868,-76844.1,-58336.4,-43750.6,-27968.3,27968.3,0
0.277,-129061,-234163,-76321.1,-59343,-44447.6,-28749.5,28749.5,0
0.278,-121847,-236008,-75672.8,-60212.3,-45087.8,-29448.1,29448.1,0
0.279,-114549,-237400,-74898.6,-60937.5,-45669.3,-30056.6,30056.6,0
0.28,-107190,-238340,-73999.6,-61513.5,-46191.2,-30568.9,30568.9,0
0.281,-99797.5,-238834,-72978.5,-61937,-46653.8,-30980,30980,0
0.282,-92397.3,-238892,-71839.5,-62206.7,-47058.5,-31286.8,31286.8,0
0.283,-85015.1,-238528,-70588.8,-62323.6,-47408,-31487.9,31487.9,0
0.284,-77675.8,-237760,-69233.9,-62290.7,-47706.2,-31583.6,31583.6,0
0.285,-70403,-236609,-67783.8,-62112.9,-47958.1,-31576,31576,0
0.286,-63219,-235101,-66248.6,-61797.2,-48169.9,-31468.9,31468.9,0
0.287,-56144.1,-233262,-64639.7,-61352.3,-48348.7,-31268,31268,0
0.288,-49196.5,-231121,-62969.4,-60788.5,-48502.8,-30980.2,30980.2,0
0.289,-42392.4,-228709,-61250.7,-60117.4,-48640.9,-30613.9,30613.9,0
0.29,-35745.3,-226055,-59496.9,-59351.6,-48772.8,-30178.6,30178.6,0
0.291,-29266.6,-223189,-57721.9,-58504.6,-48908.6,-29684.7,29684.7,0
0.292,-22965.5,-220143,-55939.9,-57590.1,-49059,-29143.3,29143.3,0
0.293,-16848.9,-216944,-54164.8,-56622.2,-49235.1,-28565.9,28565.9,0
0.294,-10922.1,-213618,-52410.7,-55615,-49448.2,-27964.5,27964.5,0
0.295,-5188.69,-210190,-50691.6,-54582.2,-49709.8,-27350.9,27350.9,0
0.296,349.038,-206681,-49021.4,-53537.1,-50031.9,-26736.9,26736.9,0
0.297,5689.62,-203111,-47413.7,-52492.4,-50426.2,-26134.1,26134.1,0
0.298,10832.1,-199496,-45882.1,-51459.9,-50904.8,-25553.7,25553.7,0
0.299,15775.8,-195848,-44440.2,-50450.9,-51480,-25006.4,25006.4,0
0.3,20519.5,-192178,-43101.7,-49475.5,-52164.2,-24502.6,24502.6,0
0.301,25061.5,-188493,-41880.1,-48543,-52970,-24051.8,24051.8,0
0.302,29399.2,-184796,-40789.8,-47661.8,-53910.4,-23663.3,23663.3,0
0.303,33528.1,-181090,-39844.9,-46839.4,-54998.6,-23345.5,23345.5,0
0.304,37442.3,-177372,-39060.8,-46082.1,-56248.4,-23106.3,23106.3,0
0.305,41133.5,-173640,-38453,-45395.9,-57674,-22953,22953,0
0.306,44591.1,-169888,-38038.3,-44785.4,-59290.2,-22892.4,22892.4,0
0.307,47801.6,-166108,-37834.5,-44254.8,-61112.6,-22930.4,22930.4,0
0.308,50748.3,-162291,-37860.6,-43807.3,-63157.3,-23072.7,23072.7,0
0.309,53411.2,-158426,-38136.7,-43445.7,-65441.5,-23324.1,23324.1,0
0.31,55766.8,-154502,-38684.8,-43171.7,-67983.1,-23688.9,23688.9,0
0.311,57787.8,-150507,-39528.2,-42986.6,-70800.9,-24170.6,24170.6,0
0.312,59442.9,-146427,-40691.9,-42890.8,-73914.7,-24772.1,24772.1,0
0.313,60696.9,-142250,-42202.8,-42884.3,-77345.2,-25495.4,25495.4,0
0.314,61510.6,-137964,-44089.1,-42966.2,-81113.9,-26341.6,26341.6,0
0.315,61840.8,-133556,-46381,-43134.6,-85243.1,-27310.8,27310.8,0
0.316,61640.8,-129017,-49109.8,-43387.3,-89755.6,-28402,28402,0
0.317,60860.3,-124337,-52308.3,-43720.7,-94674.7,-29612.8,29612.8,0
0.318,59446.3,-119509,-56010.1,-44130.7,-100024,-30939.4,30939.4,0
0.319,57343.4,-114529,-60249.3,-44611.7,-105827,-32376.2,32376.2,0
0.32,54494.7,-109395,-65060.1,-45157.4,-112105,-33915.9,33915.9,0
0.321,50843,-104107,-70475.8,-45760.1,-118881,-35549.3,35549.3,0
0.322,46331.8,-98673.1,-76528.4,-46410.8,-126175,-37264.9,37264.9,0
0.323,40906.5,-93100.8,-83247.6,-47099.3,-134003,-39049,39049,0
0.324,34516.6,-87404.5,-90659.7,-47813.9,-142381,-40885.5,40885.5,0
0.325,27116.9,-81602.6,-98786.6,-48541.5,-151319,-42755.8,42755.8,0
0.326,18669.8,-75718,-107644,-49267.9,-160822,-44639.1,44639.1,0
0.327,9146.9,-69778.5,-117242,-49977.2,-170892,-46511.9,46511.9,0
0.328,3411.73,-64590.1,-121063,-48763.2,-174282,-45993.5,45993.5,0
0.329,3858.7,-60697.7,-116692,-45237.8,-168560,-42532.4,42532.4,0
0.33,8039.3,-57768,-107986,-40763.7,-158200,-37788,37788,0
0.331,15575.7,-55719.5,-95785.2,-35722.2,-144246,-32222.7,32222.7,0
0.332,25956.3,-54412.9,-80975.6,-30449.9,-127753,-26256.4,26256.4,0
0.333,38596.2,-53677.1,-64418.7,-25224.9,-109710,-20245.8,20245.8,0
0.334,52886.1,-53328.9,-46907.8,-20263.3,-90994.1,-14476.8,14476.8,0
0.335,68229.8,-53189.9,-29140.5,-15720.7,-72354,-9163.57,9163.57,0
0.336,84072.2,-53097.2,-11703.9,-11698.4,-54394.9,-4453.56,4453.56,0
0.337,99918.7,-52911.2,4930.39,-8250.38,-37581.8,-434.739,434.739,0
0.338,115348,-52519.4,20405.3,-5391.8,-22246,2855.53,-2855.53,0
0.339,130019,-51838.1,34472.9,-3106.81,-8596.48,5421.16,-5421.16,0
0.34,143675,-50811.4,46985.5,-1356.6,3266.45,7297.99,-7297.99,0
0.341,156141,-49409.3,57884.5,-86.6411,13335.2,8544.82,-8544.82,0
0.342,167318,-47623.7,67187.3,766.804,21678.1,9235.14,-9235.14,0
0.343,177176,-45464.6,74972.4,1271.01,28422.5,9449.73,-9449.73,0
0.344,185744,-42955.1,81365,1492.16,33737.2,9270.43,-9270.43,0
0.345,193094,-40127.3,86521.8,1491.78,37816.9,8775.12,-8775.12,0
0.346,199331,-37017.7,90616.8,1324.26,40867.2,8034.1,-8034.1,0
0.347,204578,-33664.4,93828,1035.31,43091.6,7107.77,-7107.77,0
0.348,208964,-30104,96326.5,661.525,44681.2,6045.5,-6045.5,0
0.349,212610,-26370.3,98266.5,230.538,45804.9,4885.69,-4885.69,0
0.35,215623,-22493.6,99777.4,-238.005,46603.5,3656.73,-3656.73,0
0.351,218085,-18500.6,100958,-731.047,47183.8,2378.63,-2378.63,0
0.352,220047,-14415.6,101872,-1240.31,47615.3,1065.37,-1065.37,0
0.353,221525,-10261.5,102543,-1760.22,47927.5,-272.493,272.493,0
0.354,222512,-6061.47,102972,-2285.93,48122.4,-1625.21,1625.21,0
0.355,223003,-1839.15,103156,-2812.56,48198.7,-2982.91,2982.91,0
0.356,222999,2381.7,103094,-3335.17,48156.4,-4335.62,4335.62,0
0.357,222504,6577.74,102790,-3848.9,47996.8,-5673.56,5673.56,0
0.358,221532,10726.5,102248,-4349.04,47722.5,-6987.26,6987.26,0
0.359,220100,14806.7,101477,-4831.12,47337.3,-8267.75,8267.75,0
0.36,218229,18799,100488,-5290.98,46846.2,-9506.73,9506.73,0
0.361,215945,22685.8,99292.6,-5724.83,46255,-10696.7,10696.7,0
0.362,213277,26451.8,97904.9,-6129.3,45570.4,-11831,11831,0
0.363,210259,30084.2,96340.3,-6501.45,44799.7,-12903.9,12903.9,0
0.364,206923,33572.6,94615,-6838.82,43950.7,-13910.8,13910.8,0
0.365,203306,36909.3,92746,-7139.43,43031.2,-14847.9,14847.9,0
0.366,199442,40088.8,90750,-7401.71,42049.4,-15712.6,15712.6,0
0.367,195367,43108.2,88644.2,-7624.56,41013.4,-16502.8,16502.8,0
0.368,191115,45966.8,86445.1,-7807.27,39931.1,-17217.7,17217.7,0
0.369,186721,48665.8,84168.6,-7949.47,38809.9,-17857.1,17857.1,0
0.37,182216,51208.3,81829.8,-8051.13,37657.2,-18421.5,18421.5,0
0.371,177630,53599,79443,-8112.49,36479.6,-18912,18912,0
0.372,172989,55843.9,77021.3,-8134.01,35283.5,-19330.1,19330.1,0
0.373,168319,57950.3,74576.5,-8116.33,34074.4,-19678,19678,0
0.374,163644,59926.3,72119.6,-8060.24,32857.6,-19957.9,19957.9,0
0.375,158982,61780.6,69660.1,-7966.6,31637.5,-20172.4,20172.4,0
0.376,154351,63522.8,67206.4,-7836.36,30418.3,-20324.2,20324.2,0
0.377,149768,65162.3,64765.8,-7670.48,29203.2,-20416.2,20416.2,0
0.378,145244,66709.3,62344.5,-7469.92,27995.3,-20451.3,20451.3,0
0.379,140791,68173.8,59947.6,-7235.63,26797.1,-20432.3,20432.3,0
0.38,136418,69565.6,57579.3,-6968.5,25610.4,-20362,20362,0
0.381,132131,70894.8,55243,-6669.36,24436.8,-20243.1,20243.1,0
0.382,127936,72171,52941,-6338.97,23277.6,-20078.2,20078.2,0
0.383,123836,73403.8,50675.2,-5978.01,22133.6,-19869.8,19869.8,0
0.384,119834,74602.3,48446.8,-5587.08,21005.3,-19620.2,19620.2,0
0.385,115931,75775.5,46256.1,-5166.68,19893,-19331.6,19331.6,0
0.386,112127,76931.9,44103.4,-4717.23,18796.7,-19005.8,19005.8,0
0.387,108420,78079.7,41988.1,-4239.05,17716.2,-18644.8,18644.8,0
0.388,104809,79226.9,39909.4,-3732.38,16651.1,-18250.3,18250.3,0
0.389,101292,80381,37866.3,-3197.39,15601.1,-17823.6,17823.6,0
0.39,97863.5,81549.1,35857.2,-2634.16,14565.4,-17366.2,17366.2,0
0.391,94520.9,82738,33880.6,-2042.74,13543.3,-16879.4,16879.4,0
0.392,91259.4,83954.3,31934.6,-1423.1,12534,-16364.2,16364.2,0
0.393,88073.9,85204.1,30017.3,-775.181,11536.7,-15821.6,15821.6,0
0.394,84958.9,86493,28126.4,-98.8957,10550.4,-15252.5,15252.5,0
0.395,81908.6,87826.6,26260,605.856,9574.37,-14657.8,14657.8,0
0.396,78916.8,89209.8,24415.6,1339.17,8607.57,-14038.2,14038.2,0
0.397,75977.1,90647.4,22591.1,2101.12,7649.12,-13394.5,13394.5,0
0.398,73082.8,92143.7,20784.1,2891.76,6698.15,-12727.3,12727.3,0
0.399,70226.7,93702.4,18992.5,3711.05,5753.84,-12037.4,12037.4,0
0.4,67401.9,95327.2,17214.1,4558.91,4815.41,-11325.5,11325.5,0
0.401,64600.9,97021.1,15446.6,5435.14,3882.14,-10592.4,10592.4,0
0.402,61816.1,98786.6,13688.2,6339.43,2953.41,-9838.83,9838.83,0
0.403,59039.8,100626,11936.8,7271.31,2028.68,-9065.72,9065.72,0
0.404,56264.1,102540,10190.6,8230.16,1107.53,-8274.1,8274.1,0
0.405,53481.1,104531,8448.15,9215.15,189.631,-7465.07,7465.07,0
0.406,50682.8,106598,6707.8,10225.2,-725.189,-6639.93,6639.93,0
0.407,47861,108741,4968.36,11259.1,-1636.97,-5800.11,5800.11,0
0.408,45007.6,110958,3228.75,12315.3,-2545.62,-4947.23,4947.23,0
0.409,42114.6,113249,1488.17,13391.9,-3450.85,-4083.11,4083.11,0
0.41,39173.8,115610,-253.941,14486.8,-4352.23,-3209.79,3209.79,0
0.411,36177.3,118038,-1997.87,15597.5,-5249.14,-2329.54,2329.54,0
0.412,33117.5,120527,-3743.62,16721.2,-6140.77,-1444.85,1444.85,0
0.413,29986.7,123074,-5490.87,17854.8,-7026.14,-558.459,558.459,0
0.414,26777.8,125669,-7238.98,18994.7,-7904.07,326.663,-326.663,0
0.415,23483.8,128308,-8987.01,20137.2,-8773.18,1207.31,-1207.31,0
0.416,20098.4,130980,-10733.6,21277.9,-9631.91,2080.08,-2080.08,0
0.417,16615.6,133676,-12477.3,22412.5,-10478.5,2941.35,-2941.35,0
0.418,13030.1,136386,-14215.9,23536,-11311.2,3787.33,-3787.33,0
0.419,9337.33,139097,-15947.4,24643.5,-12127.8,4614.1,-4614.1,0
0.42,5533.39,141798,-17669,25729.6,-12926.1,5417.65,-5417.65,0
0.421,1615.23,144475,-19377.9,26788.9,-13703.9,6193.92,-6193.92,0
0.422,-2419.31,147114,-21071.1,27815.9,-14458.9,6938.83,-6938.83,0
0.423,-6571.45,149699,-22745.1,28804.9,-15188.5,7648.39,-7648.39,0
0.424,-10841.4,152217,-24396.6,29750.4,-15890.5,8318.71,-8318.71,0
0.425,-15228.4,154652,-26022,30646.9,-16562.3,8946.12,-8946.12,0
0.426,-19730.6,156987,-27617.5,31489.2,-17201.6,9527.18,-9527.18,0
0.427,-24345.2,159207,-29179.6,32272.3,-17806.2,10058.8,-10058.8,0
0.428,-29068.2,161296,-30704.6,32991.4,-18374.1,10538.1,-10538.1,0
0.429,-33894.8,163240,-32189.1,33642.5,-18903.3,10963,-10963,0
0.43,-38819.2,165024,-33629.7,34221.8,-19392.1,11331.5,-11331.5,0
0.431,-43834.8,166633,-35023.5,34726.1,-19839.1,11642.3,-11642.3,0
0.432,-48934.3,168056,-36367.8,35152.8,-20243.3,11894.8,-11894.8,0
0.433,-54109.4,169279,-37660,35500,-20603.8,12088.6,-12088.6,0
0.434,-59351.6,170293,-38898.4,35766.4,-20920.1,12224.3,-12224.3,0
0.435,-64651.8,171087,-40081.3,35951.3,-21192,12302.6,-12302.6,0
0.436,-70000.5,171653,-41207.6,36054.8,-21419.9,12325.1,-12325.1,0
0.437,-75388.1,171984,-42276.8,36077.5,-21604.3,12293.9,-12293.9,0
0.438,-80804.9,172075,-43288.7,36020.7,-21746.1,12211.2,-12211.2,0
0.439,-86241,171921,-44243.6,35886.2,-21846.5,12080,-12080,0
0.44,-91686.9,171520,-45142.3,35676.2,-21907.1,11903.6,-11903.6,0
0.441,-97132.9,170869,-45986,35393.5,-21929.6,11685.3,-11685.3,0
0.442,-102570,169968,-46776.5,35041.2,-21916.2,11429.1,-11429.1,0
0.443,-107989,168818,-47515.5,34622.7,-21869.2,11138.6,-11138.6,0
0.444,-113382,167420,-48205.5,34141.6,-21791,10817.9,-10817.9,0
0.445,-118739,165776,-48848.9,33601.6,-21684.2,10471,-10471,0
0.446,-124055,163890,-49448.6,33006.5,-21551.5,10101.9,-10101.9,0
0.447,-129320,161765,-50007.5,32360.2,-21395.7,9714.36,-9714.36,0
0.448,-134529,159406,-50528.6,31666.5,-21219.7,9312.15,-9312.15,0
0.449,-139675,156817,-51015.1,30929.1,-21026.2,8898.79,-8898.79,0
0.45,-144751,154003,-51470.1,30151.6,-20818.2,8477.61,-8477.61,0
0.451,-149752,150970,-51896.8,29337.4,-20598.3,8051.68,-8051.68,0
0.452,-154673,147722,-52298.3,28489.5,-20369.3,7623.81,-7623.81,0
0.453,-159507,144266,-52677.5,27611.2,-20133.7,7196.52,-7196.52,0
0.454,-164251,140607,-53037.5,26704.9,-19894.2,6772.06,-6772.06,0
0.455,-168899,136750,-53380.9,25773.3,-19653.1,6352.38,-6352.38,0
0.456,-173447,132701,-53710.5,24818.6,-19412.6,5939.13,-5939.13,0
0.457,-177891,128465,-54028.6,23842.7,-19175.1,5533.71,-5533.71,0
0.458,-182227,124048,-54337.6,22847.3,-18942.4,5137.22,-5137.22,0
0.459,-186449,119454,-54639.7,21834,-18716.5,4750.51,-4750.51,0
0.46,-190555,114689,-54936.9,20804.1,-18499.2,4374.19,-4374.19,0
0.461,-194541,109758,-55230.8,19758.5,-18292.1,4008.61,-4008.61,0
0.462,-198401,104665,-55523.3,18698.1,-18096.8,3653.94,-3653.94,0
0.463,-202133,99415.4,-55815.6,17623.7,-17914.8,3310.13,-3310.13,0
0.464,-205732,94013.8,-56109.3,16535.6,-17747.2,2976.93,-2976.93,0
0.465,-209195,88464.7,-56405.5,15434.3,-17595.5,2653.94,-2653.94,0
0.466,-212518,82772.7,-56705.1,14319.9,-17460.6,2340.61,-2340.61,0
0.467,-215696,76942.3,-57009.3,13192.4,-17343.6,2036.22,-2036.22,0
0.468,-218725,70978,-57318.7,12052,-17245.6,1739.94,-1739.94,0
0.469,-221603,64884.3,-57634.1,10898.3,-17167.4,1450.8,-1450.8,0
0.47,-224324,58665.8,-57956.2,9731.3,-17109.9,1167.76,-1167.76,0
0.471,-226884,52327.1,-58285.4,8550.53,-17073.9,889.631,-889.631,0
0.472,-229281,45872.7,-58622.2,7355.66,-17060,615.176,-615.176,0
0.473,-231509,39307.4,-58967.1,6146.25,-17069,343.051,-343.051,0
0.474,-233564,32636,-59320.3,4921.83,-17101.5,71.8449,-71.8449,0
0.475,-235443,25863.5,-59682.1,3681.86,-17158.2,-199.926,199.926,0
0.476,-237142,18994.9,-60052.8,2425.79,-17239.5,-473.807,473.807,0
0.477,-238656,12035.5,-60432.8,1153.03,-17346.4,-751.404,751.404,0
0.478,-239989,4990.41,-60828.9,-137.19,-17486,-1034.52,1034.52,0
0.479,-241139,-2135.46,-61245.1,-1446.01,-17662.7,-1325.35,1325.35,0
0.48,-242104,-9337.12,-61681.4,-2774.64,-17877,-1626.2,1626.2,0
0.481,-242879,-16609.3,-62137.9,-4124.28,-18129.3,-1939.4,1939.4,0
0.482,-243460,-23946.6,-62614.5,-5496.15,-18420.2,-2267.32,2267.32,0
0.483,-243843,-31343.1,-63111.1,-6891.42,-18750,-2612.37,2612.37,0
0.484,-244024,-38792.7,-63627.6,-8311.23,-19119.1,-2976.97,2976.97,0
0.485,-243998,-46288.9,-64163.5,-9756.68,-19527.8,-3363.53,3363.53,0
0.486,-243762,-53824.8,-64718.6,-11228.8,-19976.5,-3774.49,3774.49,0
0.487,-243311,-61393.1,-65292.2,-12728.5,-20465.2,-4212.22,4212.22,0
0.488,-242642,-68985.8,-65883.5,-14256.7,-20994.1,-4679.06,4679.06,0
0.489,-241749,-76594.7,-66491.8,-15813.9,-21563,-5177.27,5177.27,0
0.49,-240629,-84210.6,-67115.7,-17400.7,-22171.8,-5709.03,5709.03,0
0.491,-239277,-91824,-67753.8,-19017.5,-22820,-6276.34,6276.34,0
0.492,-237690,-99424.4,-68404.5,-20664.1,-23507.2,-6881.06,6881.06,0
0.493,-235863,-107001,-69065.7,-22340.4,-24232.6,-7524.8,7524.8,0
0.494,-233793,-114541,-69735,-24045.6,-24995.1,-8208.91,8208.91,0
0.495,-231475,-122032,-70409.4,-25778.8,-25793.5,-8934.42,8934.42,0
0.496,-228905,-129461,-71085.8,-27538.4,-26626.1,-9701.97,9701.97,0
0.497,-226081,-136811,-71760.4,-29322.3,-27491,-10511.7,10511.7,0
0.498,-222998,-144068,-72428.9,-31127.9,-28385.9,-11363.4,11363.4,0
0.499,-219655,-151214,-73086.6,-32951.9,-29308.1,-12256,12256,0
0.5,-216048,-158231,-73728.1,-34790.2,-30254.6,-13188.1,13188.1,0
0.501,-212177,-165100,-74347.5,-36638,-31221.8,-14157.3,14157.3,0
0.502,-208040,-171799,-74938.5,-38489.7,-32205.8,-15160.5,15160.5,0
0.503,-203638,-178309,-75494.2,-40338.8,-33202.4,-16194,16194,0
0.504,-198971,-184606,-76007.1,-42177.9,-34206.7,-17253,17253,0
0.505,-194041,-190668,-76469.5,-43998.8,-35213.6,-18331.8,18331.8,0
0.506,-188853,-196470,-76873.4,-45792.5,-36217.7,-19424,19424,0
0.507,-183411,-201989,-77210.3,-47549.2,-37213.3,-20522.2,20522.2,0
0.508,-177723,-207201,-77471.9,-49258.4,-38194.5,-21618.4,21618.4,0
0.509,-171797,-212083,-77650,-50909,-39155.2,-22703.6,22703.6,0
0.51,-165645,-216611,-77736.4,-52489.7,-40089.4,-23768.5,23768.5,0
0.511,-159278,-220764,-77723.4,-53988.7,-40991.1,-24803,24803,0
0.512,-152713,-224523,-77604,-55394.6,-41854.6,-25797.2,25797.2,0
0.513,-145965,-227869,-77372.1,-56696,-42674.7,-26740.8,26740.8,0
0.514,-139055,-230787,-77022.2,-57882.1,-43446.6,-27623.7,27623.7,0
0.515,-132003,-233266,-76550.4,-58943,-44166.2,-28436.4,28436.4,0
0.516,-124832,-235297,-75954,-59869.8,-44830.1,-29170,29170,0
0.517,-117565,-236876,-75231.8,-60655.2,-45435.9,-29816.5,29816.5,0
0.518,-110228,-238002,-74384.1,-61293.2,-45982.5,-30369.2,30369.2,0
0.519,-102847,-238679,-73412.9,-61779.8,-46469.4,-30822.5,30822.5,0
0.52,-95447,-238915,-72321.9,-62113,-46897.7,-31172.6,31172.6,0
0.521,-88054.6,-238723,-71116.6,-62292.7,-47269.6,-31417.4,31417.4,0
0.522,-80694.9,-238119,-69803.7,-62321.1,-47588.4,-31556.4,31556.4,0
0.523,-73392.1,-237124,-68391.7,-62202.3,-47858.7,-31591,31591,0
0.524,-66169.1,-235760,-66890.4,-61942.5,-48086.3,-31524.4,31524.4,0
0.525,-59047.1,-234054,-65310.5,-61549.8,-48277.8,-31361.5,31361.5,0
0.526,-52045.2,-232035,-63664.1,-61033.7,-48441.1,-31108.6,31108.6,0
0.527,-45180.3,-229730,-61963.8,-60405.5,-48584.7,-30773.6,30773.6,0
0.528,-38467.1,-227172,-60222.9,-59677.2,-48718,-30365.6,30365.6,0
0.529,-31917.9,-224391,-58455.1,-58862.1,-48850.9,-29894.6,29894.6,0
0.53,-25542.8,-221416,-56674.3,-57973.7,-48994,-29371.4,29371.4,0
0.531,-19349.6,-218276,-54894.7,-57026.2,-49158.2,-28807.5,28807.5,0
0.532,-13344.2,-214999,-53130.3,-56033.6,-49354.6,-28214.6,28214.6,0
0.533,-7530.79,-211611,-51395.2,-55009.8,-49594.8,-27604.6,27604.6,0
0.534,-1912.29,-208133,-49703.2,-53968.2,-49890.6,-26989.4,26989.4,0
0.535,3509.58,-204587,-48068.2,-52921.9,-50253.6,-26380.6,26380.6,0
0.536,8733.73,-200988,-46503.6,-51883.1,-50696,-25789.7,25789.7,0
0.537,13759.4,-197353,-45023.2,-50863.2,-51229.9,-25227.5,25227.5,0
0.538,18585.6,-193691,-43640.4,-49872.8,-51867.7,-24704.6,24704.6,0
0.539,23210.9,-190011,-42369,-48921.6,-52621.8,-24230.8,24230.8,0
0.54,27633.2,-186319,-41222.8,-48018.3,-53505,-23815.6,23815.6,0
0.541,31848.7,-182617,-40216.2,-47170.8,-54530.6,-23467.7,23467.7,0
0.542,35852.2,-178905,-39364,-46385.9,-55712.1,-23195.2,23195.2,0
0.543,39636.4,-175179,-38681.5,-45669.8,-57063.4,-23005.6,23005.6,0
0.544,43191.8,-171436,-38185.2,-45027.5,-58599.1,-22906,22906,0
0.545,46505.9,-167669,-37892.2,-44463.5,-60334.5,-22902.6,22902.6,0
0.546,49563.5,-163868,-37821,-43981.5,-62285.4,-23001.3,23001.3,0
0.547,52346.1,-160024,-37991.4,-43584.2,-64468.7,-23207.1,23207.1,0
0.548,54831.5,-156126,-38424.6,-43273.8,-66901.8,-23524.6,23524.6,0
0.549,56994,-152162,-39143.2,-43052,-69603.2,-23957.7,23957.7,0
0.55,58804,-148119,-40171.7,-42919.4,-72592.4,-24509.5,24509.5,0
0.551,60228,-143984,-41535.9,-42876.1,-75889.7,-25182.3,25182.3,0
0.552,61228.3,-139744,-43263.8,-42921.7,-79516.1,-25977.8,25977.8,0
0.553,61763.4,-135388,-45384.6,-43054.7,-83493.7,-26896.3,26896.3,0
0.554,61788,-130905,-47929.2,-43272.9,-87845.1,-27937.4,27937.4,0
0.555,61253.3,-126284,-50929.8,-43573.5,-92593.5,-29099.2,29099.2,0
0.556,60107.3,-121518,-54419.7,-43952.5,-97762.3,-30378.5,30378.5,0
0.557,58295.5,-116601,-58432.9,-44404.9,-103375,-31770.6,31770.6,0
0.558,55761.5,-111530,-63003.7,-44924.8,-109454,-33268.8,33268.8,0
0.559,52448.2,-106306,-68165.6,-45504.9,-116022,-34864.8,34864.8,0
0.56,48298.5,-100931,-73951.5,-46137,-123100,-36548,36548,0
0.561,43256.9,-95414.9,-80392.1,-46811.2,-130706,-38305.6,38305.6,0
0.562,37271.1,-89767.9,-87515.2,-47516.5,-138855,-40122.5,40122.5,0
0.563,30293.3,-84007.2,-95344.5,-48240.5,-147560,-41981.3,41981.3,0
0.564,22282.7,-78153.8,-103899,-48969.2,-156830,-43861.8,43861.8,0
0.565,13206.8,-72233.4,-113190,-49687.5,-166666,-45741.9,45741.9,0
0.566,4369.54,-66483.1,-121430,-49848.1,-175065,-46936.9,46936.9,0
0.567,3209.48,-62188.1,-119066,-46831.4,-171542,-44144,44144,0
0.568,5884.14,-58866.4,-112053,-42701,-162974,-39872.1,39872.1,0
0.569,12090.7,-56468.1,-101189,-37850,-150375,-34591.9,34591.9,0
0.57,21365,-54874.5,-87349.6,-32635.7,-134806,-28744,28744,0
0.571,33145.6,-53924.9,-71413.1,-27361.4,-117289,-22712.8,22712.8,0
0.572,46828.1,-53438.8,-54205.5,-22268.8,-98752,-16814,16814,0
0.573,61807.1,-53234.2,-36466.1,-17537.8,-79999,-11291,11291,0
0.574,77507.7,-53140.7,-18828.9,-13291.6,-61694.2,-6317.98,6317.98,0
0.575,93408.3,-53008.4,-1813.32,-9602.54,-44360.1,-2006.52,2006.52,0
0.576,109056,-52713.3,14176.6,-6500.91,-28382.1,1586.26,-1586.26,0
0.577,124076,-52159.8,28848.9,-3982.64,-14018.1,4448.36,-4448.36,0
0.578,138178,-51280.6,42015.6,-2017.49,-1411.49,6603.56,-6603.56,0
0.579,151151,-50035.6,53583,-556.584,9393.8,8102.24,-8102.24,0
0.58,162868,-48407.9,63538.5,460.754,18436.9,9012.77,-9012.77,0
0.581,173271,-46400.7,71937.5,1100.96,25822.8,9413.75,-9413.75,0
0.582,182365,-44032.3,78887.6,1431.16,31705.4,9387.26,-9387.26,0
0.583,190207,-41331.5,84534.3,1515.18,36270.4,9013.35,-9013.35,0
0.584,196889,-38333.5,89046,1410.59,39720.6,8365.8,-8365.8,0
0.585,202529,-35076.1,92600.7,1166.79,42261.9,7509.3,-7509.3,0
0.586,207255,-31596.8,95373.6,824.163,44091.7,6497.83,-6497.83,0
0.587,211193,-27930.6,97526.9,413.959,45388.9,5374.26,-5374.26,0
0.588,214456,-24109.3,99201.2,-41.0218,46306.7,4170.93,-4170.93,0
0.589,217137,-20161.1,100508,-525.202,46966.6,2911.08,-2911.08,0
0.59,219302,-16111.1,101527,-1028.57,47453.6,1610.87,-1610.87,0
0.591,220979,-11982.6,102298,-1544.7,47813.9,281.934,-281.934,0
0.592,222170,-7798.51,102828,-2068.62,48057.4,-1065.89,1065.89,0
0.593,222866,-3582.35,103113,-2595.49,48182.8,-2422.79,2422.79,0
0.594,223066,642.127,103152,-3120.37,48189.3,-3778.81,3778.81,0
0.595,222772,4851.34,102947,-3638.36,48077.8,-5124.06,5124.06,0
0.596,221996,9022.4,102502,-4144.69,47850.4,-6448.93,6448.93,0
0.597,220751,13133.5,101825,-4634.76,47510.4,-7744.21,7744.21,0
0.598,219057,17164.5,100924,-5104.28,47062.3,-9001.32,9001.32,0
0.599,216940,21096.9,99812.2,-5549.31,46511.6,-10212.4,10212.4,0
0.6,214427,24914.5,98501.9,-5966.29,45864.7,-11370.4,11370.4,0
0.601,211549,28603.6,97008.3,-6352.11,45128.6,-12469.4,12469.4,0
0.602,208340,32152.6,95347.3,-6704.11,44310.9,-13504,13504,0
0.603,204834,35552.8,93535.4,-7020.11,43419.5,-14470.4,14470.4,0
0.604,201067,38797.7,91589.6,-7298.36,42462.4,-15365.2,15365.2,0
0.605,197075,41883.5,89527,-7537.6,41447.7,-16186.3,16186.3,0
0.606,192892,44808.5,87364.4,-7736.93,40383.5,-16932.4,16932.4,0
0.607,188553,47573.1,85117.8,-7895.86,39277.4,-17602.9,17602.9,0
0.608,184090,50179.8,82802.8,-8014.23,38136.8,-18198.2,18198.2,0
0.609,179533,52632.5,80434.1,-8092.17,36968.7,-18719,18719,0
0.61,174911,54936.8,78025.1,-8130.05,35779.4,-19166.8,19166.8,0
0.611,170251,57099.4,75588.4,-8128.45,34575,-19543.3,19543.3,0
0.612,165575,59128.2,73135.2,-8088.1,33360.7,-19851,19851,0
0.613,160905,61031.7,70675.6,-8009.83,32141.5,-20092.1,20092.1,0
0.614,156259,62819,68218.5,-7894.56,30921.4,-20269.4,20269.4,0
0.615,151655,64499.7,65771.6,-7743.25,29704.2,-20385.8,20385.8,0
0.616,147105,66083.7,63341.5,-7556.87,28493,-20444,20444,0
0.617,142621,67581,60933.9,-7336.37,27290.4,-20446.9,20446.9,0
0.618,138214,69001.6,58553.3,-7082.66,26098.7,-20397.4,20397.4,0
0.619,133890,70355.5,56203.3,-6796.61,24919.5,-20298.2,20298.2,0
0.62,129656,71652.4,53886.9,-6479.01,23754.2,-20152,20152,0
0.621,125517,72902,51605.9,-6130.56,22603.8,-19961.3,19961.3,0
0.622,121474,74113.6,49361.9,-5751.91,21469,-19728.4,19728.4,0
0.623,117530,75296.2,47155.6,-5343.59,20350,-19455.6,19455.6,0
0.624,113685,76458.5,44987.2,-4906.06,19247.1,-19144.9,19144.9,0
0.625,109938,77608.9,42856.4,-4439.67,18160,-18798.2,18798.2,0
0.626,106288,78755.5,40762.7,-3944.7,17088.6,-18417.2,18417.2,0
0.627,102733,79905.8,38705,-3421.35,16032.4,-18003.6,18003.6,0
0.628,99267.8,81067.3,36682,-2869.74,14990.9,-17558.7,17558.7,0
0.629,95890.4,82246.9,34692.1,-2289.92,13963.2,-17083.9,17083.9,0
0.63,92596,83451.2,32733.7,-1681.9,12948.7,-16580.2,16580.2,0
0.631,89379.7,84686.5,30804.7,-1045.62,11946.5,-16048.7,16048.7,0
0.632,86236.2,85958.6,28903.2,-381.02,10955.8,-15490.5,15490.5,0
0.633,83159.8,87273.2,27026.9,312.009,9975.64,-14906.2,14906.2,0
0.634,80144.6,88635.4,25173.6,1033.56,9005.1,-14296.8,14296.8,0
0.635,77184.1,90050.1,23341.1,1783.73,8043.28,-13662.9,13662.9,0
0.636,74271.8,91521.7,21527.1,2562.57,7089.3,-13005.3,13005.3,0
0.637,71400.8,93054.3,19729.4,3370.08,6142.32,-12324.7,12324.7,0
0.638,68563.9,94651.5,17945.8,4206.21,5201.52,-11621.7,11621.7,0
0.639,65753.9,96316.7,16174,5070.81,4266.17,-10897.2,10897.2,0
0.64,62963.2,98052.4,14412,5963.61,3335.61,-10151.9,10151.9,0
0.641,60184.2,99861.1,12657.9,6884.21,2409.27,-9386.73,9386.73,0
0.642,57409.2,101744,10909.7,7832.07,1486.66,-8602.59,8602.59,0
0.643,54630.1,103703,9165.85,8806.43,567.419,-7800.56,7800.56,0
0.644,51839,105739,7424.73,9806.35,-348.683,-6981.87,6981.87,0
0.645,49027.8,107851,5685,10830.6,-1261.75,-6147.88,6147.88,0
0.646,46188.3,110038,3945.52,11877.9,-2171.74,-5300.14,5300.14,0
0.647,43312.5,112299,2205.37,12946.3,-3078.45,-4440.39,4440.39,0
0.648,40392.2,114632,463.891,14034,-3981.51,-3570.58,3570.58,0
0.649,37419.6,117032,-1279.33,15138.6,-4880.37,-2692.87,2692.87,0
0.65,34386.7,119497,-3024.4,16257.3,-5774.32,-1809.66,1809.66,0
0.651,31285.9,122021,-4771.14,17387.3,-6662.43,-923.598,923.598,0
0.652,28109.9,124597,-6519.05,18525,-7543.6,-37.5518,37.5518,0
0.653,24851.7,127219,-8267.3,19667,-8416.54,845.37,-845.37,0
0.654,21504.6,129878,-10014.7,20809,-9279.78,1721.84,-1721.84,0
0.655,18062.5,132566,-11759.9,21946.7,-10131.6,2588.32,-2588.32,0
0.656,14519.8,135271,-13500.9,23075.4,-10970.3,3441.09,-3441.09,0
0.657,10871.6,137984,-15235.6,24190.1,-11793.8,4276.28,-4276.28,0
0.658,7113.78,140690,-16961.7,25285.7,-12599.9,5089.91,-5089.91,0
0.659,3242.86,143379,-18676.2,26356.8,-13386.5,5877.93,-5877.93,0
0.66,-743.657,146035,-20376.3,27397.8,-14151.2,6636.27,-6636.27,0
0.661,-4847.4,148645,-22058.7,28403.2,-14891.6,7360.89,-7360.89,0
0.662,-9069,151192,-23720,29367.3,-15605.3,8047.85,-8047.85,0
0.663,-13408.1,153663,-25356.6,30284.6,-16289.8,8693.39,-8693.39,0
0.664,-17863.2,156041,-26964.9,31149.9,-16942.8,9293.94,-9293.94,0
0.665,-22432.1,158310,-28541.2,31957.9,-17562,9846.27,-9846.27,0
0.666,-27111.1,160456,-30082,32704,-18145.2,10347.5,-10347.5,0
0.667,-31895.8,162461,-31583.6,33383.6,-18690.6,10795,-10795,0
0.668,-36780.8,164313,-33042.7,33992.9,-19196.2,11186.9,-11186.9,0
0.669,-41759.9,165996,-34456.2,34528.4,-19660.6,11521.7,-11521.7,0
0.67,-46825.9,167497,-35821.2,34987.4,-20082.6,11798.2,-11798.2,0
0.671,-51971,168803,-37135.2,35367.5,-20461.1,12016.2,-12016.2,0
0.672,-57186.8,169905,-38396,35667.3,-20795.6,12175.7,-12175.7,0
0.673,-62464.4,170790,-39601.9,35885.7,-21085.9,12277.5,-12277.5,0
0.674,-67794.5,171451,-40751.7,36022.7,-21331.9,12322.8,-12322.8,0
0.675,-73167.4,171880,-41844.4,36078.6,-21534.1,12313.4,-12313.4,0
0.676,-78573.5,172070,-42879.9,36054.3,-21693.3,12251.6,-12251.6,0
0.677,-84003,172017,-43858.2,35951.5,-21810.5,12140,-12140,0
0.678,-89446.1,171718,-44780,35772.3,-21887.3,11981.8,-11981.8,0
0.679,-94893.3,171170,-45646.2,35519.2,-21925.3,11780.3,-11780.3,0
0.68,-100335,170372,-46458.4,35195.2,-21926.4,11539.2,-11539.2,0
0.681,-105763,169325,-47218.3,34803.5,-21892.9,11262.3,-11262.3,0
0.682,-111168,168028,-47928.2,34347.7,-21827.3,10953.6,-10953.6,0
0.683,-116541,166485,-48590.5,33831.4,-21731.9,10617,-10617,0
0.684,-121875,164699,-49207.9,33258.5,-21609.5,10256.5,-10256.5,0
0.685,-127162,162671,-49783.2,32632.9,-21462.9,9876.11,-9876.11,0
0.686,-132395,160408,-50319.5,31958.2,-21294.9,9479.48,-9479.48,0
0.687,-137568,157913,-50819.9,31238.3,-21108.2,9070.29,-9070.29,0
0.688,-142673,155191,-51287.5,30476.9,-20905.8,8651.93,-8651.93,0
0.689,-147706,152247,-51725.5,29677.3,-20690.5,8227.58,-8227.58,0
0.69,-152660,149087,-52136.9,28842.9,-20464.9,7800.18,-7800.18,0
0.691,-157531,145716,-52525,27976.7,-20231.7,7372.35,-7372.35,0
0.692,-162313,142140,-52892.6,27081.6,-19993.5,6946.46,-6946.46,0
0.693,-167001,138363,-53242.5,26160.2,-19752.8,6524.57,-6524.57,0
0.694,-171591,134393,-53577.4,25214.7,-19511.8,6108.48,-6108.48,0
0.695,-176079,130233,-53899.9,24247.2,-19272.8,5699.68,-5699.68,0
0.696,-180459,125890,-54212.5,23259.6,-19037.8,5299.38,-5299.38,0
0.697,-184729,121368,-54517.2,22253.5,-18808.9,4908.55,-4908.55,0
0.698,-188883,116672,-54816.1,21230.3,-18587.8,4527.88,-4527.88,0
0.699,-192919,111809,-55111.2,20191,-18376.4,4157.84,-4157.84,0
0.7,-196831,106782,-55404,19136.6,-18176,3798.67,-3798.67,0
0.701,-200617,101596,-55696.3,18067.8,-17988.4,3450.39,-3450.39,0
0.702,-204271,96256.2,-55989.3,16985.3,-17814.7,3112.86,-3112.86,0
0.703,-207791,90767.1,-56284.3,15889.3,-17656.3,2785.72,-2785.72,0
0.704,-211171,85133.2,-56582.4,14780.2,-17514.3,2468.48,-2468.48,0
0.705,-214409,79359,-56884.6,13658.1,-17389.9,2160.5,-2160.5,0
0.706,-217501,73449.1,-57191.8,12523,-17283.9,1860.98,-1860.98,0
0.707,-220441,67408,-57504.6,11374.8,-17197.5,1569.02,-1569.02,0
0.708,-223227,61240.1,-57823.9,10213.3,-17131.4,1283.59,-1283.59,0
0.709,-225854,54950.1,-58150.1,9038.17,-17086.4,1003.58,-1003.58,0
0.71,-228319,48542.6,-58483.7,7849.12,-17063.3,727.765,-727.765,0
0.711,-230617,42022.2,-58825.2,6645.72,-17062.8,454.84,-454.84,0
0.712,-232744,35393.7,-59175,5427.51,-17085.5,183.424,-183.424,0
0.713,-234696,28662,-59533.2,4193.97,-17132.2,-87.9381,87.9381,0
0.714,-236469,21832.2,-59900.2,2944.56,-17203.3,-360.767,360.767,0
0.715,-238060,14909.3,-60276.2,1678.71,-17299.5,-636.645,636.645,0
0.716,-239466,7898.68,-60664.5,395.762,-17424.4,-917.248,917.248,0
0.717,-240692,805.278,-61072.5,-905.29,-17585.8,-1204.64,1204.64,0
0.718,-241734,-6366,-61500.5,-2225.65,-17784.6,-1501.09,1501.09,0
0.719,-242588,-13610,-61948.7,-3566.54,-18021.2,-1808.93,1808.93,0
0.72,-243249,-20921.4,-62417.1,-4929.15,-18296.1,-2130.51,2130.51,0
0.721,-243714,-28294.4,-62905.5,-6314.69,-18609.9,-2468.24,2468.24,0
0.722,-243978,-35723.1,-63413.8,-7724.3,-18962.8,-2824.51,2824.51,0
0.723,-244038,-43201.1,-63941.8,-9159.11,-19355.2,-3201.75,3201.75,0
0.724,-243889,-50721.7,-64489,-10620.2,-19787.4,-3602.39,3602.39,0
0.725,-243527,-58277.8,-65055.1,-12108.5,-20259.7,-4028.83,4028.83,0
0.726,-242948,-65861.6,-65639.2,-13624.9,-20772,-4483.43,4483.43,0
0.727,-242147,-73465,-66240.7,-15170.1,-21324.5,-4968.48,4968.48,0
0.728,-241121,-81079.4,-66858.3,-16744.8,-21916.9,-5486.2,5486.2,0
0.729,-239865,-88695.2,-67490.8,-18349.2,-22549,-6038.66,6038.66,0
0.73,-238375,-96302.4,-68136.5,-19983.6,-23220.3,-6627.8,6627.8,0
0.731,-236648,-103890,-68793.7,-21647.8,-23930.1,-7255.32,7255.32,0
0.732,-234678,-111447,-69459.9,-23341.2,-24677.5,-7922.7,7922.7,0
0.733,-232462,-118960,-70132.6,-25063.1,-25461.3,-8631.1,8631.1,0
0.734,-229996,-126416,-70808.7,-26812.1,-26280,-9381.33,9381.33,0
0.735,-227277,-133801,-71484.5,-28586.3,-27131.9,-10173.8,10173.8,0
0.736,-224300,-141099,-72156.1,-30383.4,-28014.8,-11008.3,11008.3,0
0.737,-221065,-148292,-72818.8,-32200.3,-28926.1,-11884.2,11884.2,0
0.738,-217566,-155365,-73467.6,-34033.3,-29863,-12800.3,12800.3,0
0.739,-213804,-162297,-74096.9,-35877.9,-30822.2,-13754.6,13754.6,0
0.74,-209776,-169069,-74700.4,-37728.8,-31799.8,-14744.3,14744.3,0
0.741,-205483,-175659,-75271.5,-39579.8,-32791.8,-15765.9,15765.9,0
0.742,-200924,-182047,-75802.9,-41424,-33793.5,-16815,16815,0
0.743,-196102,-188208,-76287,-43253.4,-34800,-17886.4,17886.4,0
0.744,-191020,-194120,-76715.9,-45059.5,-35806,-18974,18974,0
0.745,-185681,-199758,-77081.4,-46832.7,-36805.8,-20070.7,20070.7,0
0.746,-180094,-205100,-77375,-48562.7,-37793.7,-21168.7,21168.7,0
0.747,-174264,-210120,-77588.4,-50238.8,-38763.5,-22259.6,22259.6,0
0.748,-168203,-214796,-77713.4,-51849.7,-39709.3,-23334,23334,0
0.749,-161923,-219106,-77742.2,-53383.7,-40625.1,-24382.3,24382.3,0
0.75,-155437,-223029,-77667.4,-54829.3,-41505,-25394.3,25394.3,0
0.751,-148762,-226547,-77482.4,-56175,-42343.6,-26359.9,26359.9,0
0.752,-141916,-229643,-77181.5,-57409.8,-43135.8,-27269,27269,0
0.753,-134920,-232304,-76760.2,-58523.3,-43877.4,-28111.7,28111.7,0
0.754,-127794,-234520,-76215.3,-59506.2,-44564.5,-28878.8,28878.8,0
0.755,-120564,-236285,-75544.8,-60350.6,-45194.4,-29562.1,29562.1,0
0.756,-113253,-237597,-74748.5,-61049.7,-45765.5,-30154,30154,0
0.757,-105886,-238458,-73827.7,-61599,-46276.8,-30648.7,30648.7,0
0.758,-98490.6,-238874,-72785.4,-61995.3,-46729.1,-31041.6,31041.6,0
0.759,-91091.9,-238856,-71626.3,-62238,-47123.8,-31329.9,31329.9,0
0.76,-83715.5,-238419,-70356.6,-62328.2,-47463.9,-31512.3,31512.3,0
0.761,-76386.3,-237582,-68984.2,-62269.3,-47753.5,-31589.5,31589.5,0
0.762,-69127.7,-236367,-67518.3,-62066.6,-47997.9,-31564,31564,0
0.763,-61961.6,-234798,-65969.3,-61727.4,-48203.3,-31440,31440,0
0.764,-54908,-232904,-64348.7,-61260.7,-48377.2,-31223.2,31223.2,0
0.765,-47984.8,-230713,-62668.9,-60677.1,-48527.8,-30920.9,30920.9,0
0.766,-41207.5,-228255,-60943,-59988.4,-48664.1,-30541.7,30541.7,0
0.767,-34589.4,-225562,-59184.5,-59207.3,-48796,-30095.3,30095.3,0
0.768,-28141.5,-222663,-57407.3,-58347.4,-48933.6,-29592.2,29592.2,0
0.769,-21872.6,-219587,-55625.5,-57422.4,-49087.7,-29043.6,29043.6,0
0.77,-15789.2,-216364,-53853.1,-56446.6,-49269.5,-28461.1,28461.1,0
0.771,-9896.41,-213018,-52104.2,-55433.9,-49490.3,-27856.7,27856.7,0
0.772,-4197.43,-209574,-50392.8,-54398,-49761.7,-27242.2,27242.2,0
0.773,1305.54,-206054,-48732.6,-53352.1,-50095.7,-26629.3,26629.3,0
0.774,6611.17,-202475,-47137.4,-52308.7,-50504,-26029.7,26029.7,0
0.775,11718.6,-198853,-45620.7,-51279.7,-50998.8,-25454.3,25454.3,0
0.776,16627,-195201,-44196,-50275.9,-51592.3,-24914,24914,0
0.777,21335.2,-191528,-42877.1,-49307.4,-52297,-24418.9,24418.9,0
0.778,25841.4,-187840,-41677.7,-48383.4,-53125.6,-23978.5,23978.5,0
0.779,30142.5,-184142,-40612,-47512.1,-54091.1,-23601.9,23601.9,0
0.78,34234,-180434,-39694.4,-46700.7,-55206.8,-23297.4,23297.4,0
0.781,38109.5,-176714,-38940.2,-45955.6,-56486.6,-23072.8,23072.8,0
0.782,41760.3,-172979,-38365.3,-45282.4,-57944.7,-22935.4,22935.4,0
0.783,45175.3,-169223,-37986.5,-44685.7,-59596.1,-22891.8,22891.8,0
0.784,48340.5,-165437,-37821.9,-44169.6,-61456.5,-22947.8,22947.8,0
0.785,51238.7,-161612,-37890.5,-43737.1,-63542.2,-23109,23109,0
0.786,53849.2,-157737,-38213,-43390.8,-65870.5,-23380.1,23380.1,0
0.787,56147.8,-153802,-38811.4,-43132.4,-68459.4,-23765.3,23765.3,0
0.788,58106.6,-149792,-39709.5,-42963.1,-71327.9,-24267.9,24267.9,0
0.789,59693.6,-145696,-40932.5,-42883.1,-74496.1,-24890.8,24890.8,0
0.79,60872.9,-141501,-42507.4,-42892.3,-77984.6,-25635.7,25635.7,0
0.791,61604.5,-137195,-44463.1,-42989.5,-81815.2,-26503.7,26503.7,0
0.792,61844.6,-132765,-46829.7,-43173.1,-86010.3,-27494.5,27494.5,0
0.793,61545.9,-128201,-49638.9,-43440.2,-90592.8,-28607,28607,0
0.794,60657.6,-123496,-52923.7,-43787.5,-95586,-29838.6,29838.6,0
0.795,59126.2,-118641,-56717.8,-44210.4,-101014,-31185,31185,0
0.796,56895.9,-113634,-61055.3,-44703.4,-106898,-32640.5,32640.5,0
0.797,53909.8,-108472,-65970.3,-45259.7,-113263,-34197.5,34197.5,0
0.798,50110.6,-103159,-71496.1,-45871.5,-120129,-35846.3,35846.3,0
0.799,45442,-97699.4,-77664.2,-46529.7,-127516,-37575,37575,0
0.8,39850.2,-92104.2,-84503.7,-47223.7,-135440,-39369.6,39369.6,0
0.801,33285.3,-86387.8,-92040.4,-47941.5,-143916,-41213.4,41213.4,0
0.802,25703.5,-80569.5,-100295,-48670,-152953,-43087.6,43087.6,0
0.803,17068.5,-74673.2,-109283,-49394.5,-162556,-44970.7,44970.7,0
0.804,7353.91,-68727.2,-119012,-50099.1,-172725,-46839.2,46839.2,0
0.805,3214.09,-63835.6,-120639,-48228,-173653,-45496.7,45496.7,0
0.806,4338.84,-60115.3,-115447,-44506.4,-167041,-41774.8,41774.8,0
0.807,9143.44,-57348.8,-106061,-39905.5,-155969,-36852.9,36852.9,0
0.808,17221.6,-55442.3,-93335.7,-34800.4,-141492,-31188,31188,0
0.809,28044.8,-54249.3,-78156.5,-29517.8,-124656,-25189.8,25189.8,0
0.81,41020.4,-53595.1,-61375.7,-24325.3,-106433,-19203.1,19203.1,0
0.811,55539.1,-53296.4,-43771.5,-19427.8,-87680.6,-13500.8,13500.8,0
0.812,71010.1,-53176.7,-26022.7,-14971,-69120.3,-8285,8285,0
0.813,86887.8,-53076.8,-8696.28,-11047.2,-51333.2,-3692.04,3692.04,0
0.814,102689,-52861.7,7756.59,-7703.07,-34759.9,199.7,-199.7,0
0.815,118008,-52424,22998.6,-4947.56,-19709.4,3360.82,-3360.82,0
0.816,132517,-51684.9,36800.2,-2760.28,-6370.4,5801.52,-5801.52,0
0.817,145973,-50593.3,49030.3,-1099.12,5174.31,7562.36,-7562.36,0
0.818,158217,-49123.3,59644.7,92.5324,14931.8,8705.3,-8705.3,0
0.819,169162,-47270.4,68672.5,879.412,22982.1,9305.63,-9305.63,0
0.82,178790,-45047.3,76201.8,1328.92,29461,9444.75,-9444.75,0
0.821,187137,-42478.9,82364.4,1506.65,34543.2,9204.11,-9204.11,0
0.822,194282,-39598.3,87321,1473.02,38426.2,8660.5,-8660.5,0
0.823,200335,-36442.7,91247.1,1280.96,41316.2,7882.61,-7882.61,0
0.824,205421,-33050,94320.5,974.609,43415.2,6928.92,-6928.92,0
0.825,209667,-29456.4,96709.9,588.922,44911,5846.85,-5846.85,0
0.826,213195,-25695.1,98565.6,150.052,45968,4672.95,-4672.95,0
0.827,216106,-21795.7,100012,-323.638,46721.3,3433.97,-3433.97,0
0.828,218477,-17784.5,101142,-820.075,47271.5,2148.7,-2148.7,0
0.829,220353,-13685.3,102012,-1331.61,47680.8,830.285,-830.285,0
0.83,221744,-9521.14,102641,-1852.93,47972.4,-510.997,510.997,0
0.831,222644,-5315.17,103027,-2379.2,48146.5,-1865.4,1865.4,0
0.832,223047,-1091.13,103167,-2905.5,48201.8,-3223.02,3223.02,0
0.833,222955,3127.27,103062,-3426.92,48138.5,-4573.91,4573.91,0
0.834,222375,7316.79,102715,-3938.62,47958.4,-5908.31,5908.31,0
0.835,221321,11455.2,102132,-4435.91,47664.1,-7216.84,7216.84,0
0.836,219808,15521.4,101322,-4914.38,47259.7,-8490.65,8490.65,0
0.837,217862,19496.5,100295,-5369.92,46750.4,-9721.54,9721.54,0
0.838,215508,23363.1,99064.2,-5798.83,46142.1,-10902.2,10902.2,0
0.839,212776,27106.6,97644,-6197.79,45441.7,-12026.1,12026.1,0
0.84,209698,30714.4,96049.6,-6563.97,44656.5,-13087.7,13087.7,0
0.841,206310,34176.6,94297.5,-6894.98,43794.3,-14082.5,14082.5,0
0.842,202646,37486,92404.6,-7188.91,42863.2,-15007,15007,0
0.843,198741,40637.5,90387.9,-7444.29,41871.2,-15858.6,15858.6,0
0.844,194633,43628.5,88264.2,-7660.08,40826.3,-16635.6,16635.6,0
0.845,190353,46458.8,86050,-7835.63,39736.5,-17337.2,17337.2,0
0.846,185937,49130,83761.3,-7970.65,38609.1,-17963.3,17963.3,0
0.847,181415,51645.3,81412.8,-8065.15,37451.4,-18514.5,18514.5,0
0.848,176817,54009.8,79018.8,-8119.41,36270.1,-18992,18992,0
0.849,172169,56229.7,76591.9,-8133.93,35071.2,-19397.6,19397.6,0
0.85,167496,58312.5,74144.1,-8109.38,33860.3,-19733.2,19733.2,0
0.851,162821,60266.4,71685.9,-8046.55,32642.5,-20001.3,20001.3,0
0.852,158163,62100.2,69226.7,-7946.35,31422.2,-20204.5,20204.5,0
0.853,153540,63823.5,66774.7,-7809.71,30203.4,-20345.5,20345.5,0
0.854,148966,65446,64337,-7637.59,28989.4,-20427.2,20427.2,0
0.855,144454,66977.7,61919.5,-7430.97,27782.9,-20452.5,20452.5,0
0.856,140014,68428.6,59527.3,-7190.78,26586.5,-20424.2,20424.2,0
0.857,135655,69808.7,57164.3,-6917.89,25402,-20345,20345,0
0.858,131384,71127.8,54833.7,-6613.13,24230.8,-20217.8,20217.8,0
0.859,127205,72395.7,52537.9,-6277.25,23074.2,-20045,20045,0
0.86,123122,73621.8,50278.6,-5910.91,21932.9,-19829.1,19829.1,0
0.861,119138,74815.2,48056.7,-5514.69,20807.3,-19572.4,19572.4,0
0.862,115252,75984.8,45872.7,-5089.08,19697.8,-19277,19277,0
0.863,111465,77139.2,43726.5,-4634.48,18604.3,-18944.9,18944.9,0
0.864,107775,78286.4,41617.6,-4151.2,17526.5,-18577.8,18577.8,0
0.865,104181,79434.3,39545.2,-3639.46,16464.1,-18177.4,18177.4,0
0.866,100679,80590.4,37508.1,-3099.42,15416.6,-17745.1,17745.1,0
0.867,97266.7,81761.7,35504.9,-2531.15,14383.3,-17282.4,17282.4,0
0.868,93938.7,82955.2,33533.7,-1934.69,13363.4,-16790.4,16790.4,0
0.869,90690.9,84177,31592.8,-1309.99,12356.3,-16270.2,16270.2,0
0.87,87518.1,85433.4,29680.3,-657.007,11361,-15722.8,15722.8,0
0.871,84414.9,86729.9,27793.8,24.3666,10376.5,-15149.1,15149.1,0
0.872,81375.3,88072,25931.3,734.225,9402.14,-14549.9,14549.9,0
0.873,78393.1,89464.6,24090.5,1472.66,8436.83,-13925.9,13925.9,0
0.874,75461.7,90912.4,22269.2,2239.75,7479.72,-13278,13278,0
0.875,72574.5,92419.5,20465.1,3035.53,6529.95,-12606.7,12606.7,0
0.876,69724.5,93989.9,18675.9,3859.95,5586.69,-11912.8,11912.8,0
0.877,66904.2,95626.8,16899.4,4712.92,4649.17,-11197,11197,0
0.878,64106.5,97333.3,15133.6,5594.21,3716.7,-10460.1,10460.1,0
0.879,61323.6,99111.9,13376.5,6503.49,2788.67,-9702.98,9702.98,0
0.88,58547.8,100964,11626.1,7440.26,1864.56,-8926.46,8926.46,0
0.881,55771.3,102892,9880.6,8403.88,943.957,-8131.61,8131.61,0
0.882,52986.1,104897,8138.49,9393.47,26.5712,-7319.58,7319.58,0
0.883,50184,106977,6398.31,10407.9,-887.757,-6491.67,6491.67,0
0.884,47357,109134,4658.81,11446,-1799.04,-5649.36,5649.36,0
0.885,44497,111365,2919,12506,-2707.15,-4794.29,4794.29,0
0.886,41595.9,113668,1178.09,13586.1,-3611.78,-3928.33,3928.33,0
0.887,38645.6,116042,-564.422,14684,-4512.46,-3053.56,3053.56,0
0.888,35638.3,118481,-2308.77,15797.3,-5408.54,-2172.29,2172.29,0
0.889,32566.2,120981,-4054.91,16923.1,-6299.18,-1287.04,1287.04,0
0.89,29421.9,123536,-5802.45,18058.1,-7183.36,-400.61,400.61,0
0.891,26198.1,126141,-7550.72,19198.8,-8059.86,484.002,-484.002,0
0.892,22888.2,128786,-9298.69,20341.3,-8927.29,1363.55,-1363.55,0
0.893,19485.6,131463,-11045,21481.4,-9784.04,2234.58,-2234.58,0
0.894,15984.7,134162,-12788,22614.4,-10628.4,3093.45,-3093.45,0
0.895,12380.3,136873,-14525.6,23735.5,-11458.3,3936.34,-3936.34,0
0.896,8667.82,139584,-16255.6,24839.6,-12271.9,4759.32,-4759.32,0
0.897,4843.55,142282,-17975.2,25921.4,-13066.8,5558.35,-5558.35,0
0.898,904.595,144953,-19681.7,26975.4,-13840.7,6329.36,-6329.36,0
0.899,-3151.04,147583,-21371.8,27996.1,-14591.4,7068.3,-7068.3,0
0.9,-7324.39,150158,-23042.1,28977.8,-15316.3,7771.18,-7771.18,0
0.901,-11615.5,152663,-24689.3,29915,-16013.1,8434.15,-8434.15,0
0.902,-16023.4,155080,-26309.7,30802.3,-16679.3,9053.57,-9053.57,0
0.903,-20546.1,157396,-27899.6,31634.4,-17312.6,9626.05,-9626.05,0
0.904,-25180.5,159594,-29455.4,32406.4,-17910.9,10148.5,-10148.5,0
0.905,-29922.6,161659,-30973.5,33113.8,-18472,10618.4,-10618.4,0
0.906,-34767.3,163575,-32450.5,33752.4,-18994.1,11033.3,-11033.3,0
0.907,-39708.7,165329,-33883.1,34318.5,-19475.6,11391.6,-11391.6,0
0.908,-44740.1,166906,-35268.3,34809.1,-19915.1,11692.1,-11692.1,0
0.909,-49853.9,168294,-36603.5,35221.8,-20311.6,11934.1,-11934.1,0
0.91,-55041.8,169481,-37886.3,35554.7,-20664.2,12117.6,-12117.6,0
0.911,-60295.3,170456,-39114.9,35806.5,-20972.6,12242.9,-12242.9,0
0.912,-65605.1,171210,-40287.9,35976.9,-21236.7,12311.2,-12311.2,0
0.913,-70961.7,171735,-41404.1,36065.9,-21456.8,12323.9,-12323.9,0
0.914,-76355.5,172023,-42463.1,36074.4,-21633.5,12283.3,-12283.3,0
0.915,-81776.7,172071,-43464.8,36003.5,-21767.8,12191.7,-12191.7,0
0.916,-87215.5,171873,-44409.6,35855.3,-21860.9,12052.3,-12052.3,0
0.917,-92662.3,171427,-45298.5,35632.2,-21914.6,11868.1,-11868.1,0
0.918,-98107.6,170732,-46132.6,35336.8,-21930.6,11642.7,-11642.7,0
0.919,-103542,169786,-46913.7,34972.5,-21911,11380.1,-11380.1,0
0.92,-108958,168592,-47643.9,34542.5,-21858.2,11083.9,-11083.9,0
0.921,-114345,167149,-48325.4,34050.5,-21774.7,10758.2,-10758.2,0
0.922,-119696,165462,-48960.8,33500.4,-21663,10407.1,-10407.1,0
0.923,-125003,163533,-49553,32895.8,-21526,10034.3,-10034.3,0
0.924,-130259,161366,-50104.9,32240.8,-21366.4,9643.89,-9643.89,0
0.925,-135458,158965,-50619.7,31539,-21187.1,9239.41,-9239.41,0
0.926,-140591,156335,-51100.3,30794.1,-20990.8,8824.4,-8824.4,0
0.927,-145655,153482,-51550.1,30009.7,-20780.4,8402.13,-8402.13,0
0.928,-150642,150410,-51972,29189.2,-20558.7,7975.64,-7975.64,0
0.929,-155548,147124,-52369.3,28335.7,-20328.3,7547.67,-7547.67,0
0.93,-160367,143631,-52744.9,27452.1,-20091.9,7120.71,-7120.71,0
0.931,-165094,139936,-53101.7,26541.1,-19851.8,6696.94,-6696.94,0
0.932,-169725,136044,-53442.5,25605.2,-19610.7,6278.27,-6278.27,0
0.933,-174255,131961,-53769.8,24646.4,-19370.6,5866.31,-5866.31,0
0.934,-178680,127693,-54086.2,23666.9,-19133.7,5462.39,-5462.39,0
0.935,-182995,123243,-54393.8,22668.2,-18902.1,5067.58,-5067.58,0
0.936,-187198,118618,-54694.9,21651.8,-18677.6,4682.67,-4682.67,0
0.937,-191283,113823,-54991.3,20618.9,-18462,4308.22,-4308.22,0
0.938,-195246,108862,-55284.9,19570.6,-18256.9,3944.57,-3944.57,0
0.939,-199084,103741,-55577.2,18507.6,-18063.9,3591.83,-3591.83,0
0.94,-202792,98463.3,-55869.8,17430.6,-17884.3,3249.92,-3249.92,0
0.941,-206368,93034.7,-56163.8,16340.1,-17719.5,2918.57,-2918.57,0
0.942,-209806,87459.5,-56460.5,15236.4,-17570.6,2597.34,-2597.34,0
0.943,-213103,81742.1,-56760.9,14119.6,-17438.9,2285.64,-2285.64,0
0.944,-216255,75887.2,-57066,12989.8,-17325.2,1982.75,-1982.75,0
0.945,-219258,69899.2,-57376.4,11846.9,-17230.7,1687.81,-1687.81,0
0.946,-222107,63782.6,-57693,10690.9,-17156.2,1399.83,-1399.83,0
0.947,-224800,57542,-58016.3,9521.34,-17102.4,1117.74,-1117.74,0
0.948,-227332,51181.9,-58346.8,8338.03,-17070.3,840.35,-840.35,0
0.949,-229698,44707,-58685.1,7140.54,-17060.4,566.399,-566.399,0
0.95,-231896,38122.1,-59031.4,5928.43,-17073.6,294.532,-294.532,0
0.951,-233920,31432,-59386.1,4701.21,-17110.4,23.3225,-23.3225,0
0.952,-235767,24641.7,-59749.5,3458.35,-17171.4,-248.723,248.723,0
0.953,-237433,17756.1,-60121.8,2199.29,-17257.2,-523.162,523.162,0
0.954,-238914,10780.7,-60503.9,923.414,-17369.2,-801.614,801.614,0
0.955,-240215,3720.52,-60903.6,-370.098,-17515.4,-1085.96,1085.96,0
0.956,-241333,-3419.58,-61323.4,-1682.43,-17698.8,-1378.42,1378.42,0
0.957,-242264,-10634.6,-61763.4,-3014.78,-17919.9,-1681.32,1681.32,0
0.958,-243004,-17919.1,-62223.5,-4368.37,-18179,-1996.99,1996.99,0
0.959,-243550,-25267.7,-62703.7,-5744.4,-18476.8,-2327.82,2327.82,0
0.96,-243897,-32674.5,-63203.9,-7144.03,-18813.7,-2676.2,2676.2,0
0.961,-244041,-40133.2,-63723.8,-8568.41,-19189.9,-3044.57,3044.57,0
0.962,-243978,-47637.3,-64263.3,-10018.6,-19605.8,-3435.34,3435.34,0
0.963,-243704,-55179.9,-64821.7,-11495.7,-20061.6,-3850.93,3850.93,0
0.964,-243214,-62753.4,-65398.5,-13000.5,-20557.5,-4293.72,4293.72,0
0.965,-242505,-70349.9,-65993,-14533.8,-21093.5,-4766.03,4766.03,0
0.966,-241571,-77961,-66604.1,-16096.4,-21669.6,-5270.12,5270.12,0
0.967,-240410,-85577.5,-67230.7,-17688.7,-22285.5,-5808.12,5808.12,0
0.968,-239017,-93189.6,-67871.3,-19310.8,-22940.8,-6382.02,6382.02,0
0.969,-237387,-100787,-68524,-20962.8,-23635,-6993.64,6993.64,0
0.97,-235516,-108358,-69186.8,-22644.4,-24367.1,-7644.54,7644.54,0
0.971,-233402,-115891,-69857.2,-24354.8,-25136.2,-8336.04,8336.04,0
0.972,-231038,-123372,-70532.3,-26092.9,-25940.8,-9069.07,9069.07,0
0.973,-228423,-130788,-71208.7,-27857.1,-26779.4,-9844.21,9844.21,0
0.974,-225553,-138123,-71882.5,-29645.2,-27649.9,-10661.5,10661.5,0
0.975,-222423,-145362,-72549.5,-31454.4,-28549.9,-11520.7,11520.7,0
0.976,-219033,-152486,-73204.6,-33281.3,-29476.7,-12420.5,12420.5,0
0.977,-215379,-159478,-73842.6,-35121.8,-30427.2,-13359.4,13359.4,0
0.978,-211460,-166318,-74457.5,-36970.8,-31397.7,-14335,14335,0
0.979,-207275,-172986,-75042.7,-38822.6,-32384.4,-15344,15344,0
0.98,-202825,-179459,-75591.2,-40670.5,-33382.7,-16382.5,16382.5,0
0.981,-198110,-185716,-76095.7,-42507,-34387.9,-17445.5,17445.5,0
0.982,-193134,-191733,-76548.2,-44323.8,-35394.7,-18527.2,18527.2,0
0.983,-187900,-197486,-76940.6,-46111.6,-36397.8,-19621.1,19621.1,0
0.984,-182413,-202952,-77264.7,-47860.6,-37391.3,-20719.6,20719.6,0
0.985,-176681,-208107,-77511.9,-49560.2,-38369.2,-21814.5,21814.5,0
0.986,-170714,-212927,-77674.1,-51199.2,-39325.6,-22896.8,22896.8,0
0.987,-164522,-217389,-77743.2,-52766.1,-40254.4,-23957,23957,0
0.988,-158118,-221473,-77711.6,-54249.3,-41149.7,-24985.1,24985.1,0
0.989,-151518,-225159,-77572.5,-55637.3,-42005.8,-25971,25971,0
0.99,-144740,-228429,-77319.6,-56918.8,-42817.6,-26904.4,26904.4,0
0.991,-137803,-231270,-76948.1,-58083.1,-43580.4,-27775.5,27775.5,0
0.992,-130727,-233669,-76454.1,-59120.6,-44290.2,-28574.6,28574.6,0
0.993,-123536,-235619,-75835.1,-60022.6,-44943.8,-29293.2,29293.2,0
0.994,-116255,-237117,-75090.2,-60781.9,-45539.1,-29923.3,29923.3,0
0.995,-108908,-238161,-74220.1,-61392.9,-46075,-30458.5,30458.5,0
0.996,-101521,-238759,-73227.1,-61852.1,-46551.3,-30893.5,30893.5,0
0.997,-94120.5,-238917,-72115.1,-62157.7,-46969.2,-31224.8,31224.8,0
0.998,-86731.8,-238650,-70889.8,-62310,-47331.3,-31450.5,31450.5,0
0.999,-79380.3,-237974,-69558.4,-62311.6,-47641,-31570.6,31570.6,0
1,-72089.9,-236911,-68129.6,-62167,-47903.2,-31586.8,31586.8,0
1.001,-64883.3,-235484,-66613.2,-61882.6,-48123.7,-31502.5,31502.5,0
1.002,-57781.3,-233719,-65020.4,-61467,-48309.6,-31322.8,31322.8,0
1.003,-50802.5,-231646,-63363.3,-60929.9,-48468.6,-31054.6,31054.6,0
1.004,-43963.6,-229294,-61654.6,-60282.7,-48609.6,-30705.7,30705.7,0
1.005,-37278.8,-226693,-59907.8,-59537.8,-48742.1,-30285.6,30285.6,0
1.006,-30760,-223874,-58136.5,-58708.4,-48876,-29804.4,29804.4,0
1.007,-24416.8,-220868,-56354.8,-57808.4,-49022,-29273,29273,0
1.008,-18256.7,-217701,-54576.8,-56851.7,-49191.1,-28703,28703,0
1.009,-12285.3,-214403,-52816.6,-55852.4,-49394.5,-28106.1,28106.1,0
1.01,-6506.58,-210996,-51088.1,-54824.3,-49643.8,-27494.2,27494.2,0
1.011,-923.096,-207505,-49405.3,-53780.9,-49950.7,-26879.2,26879.2,0
1.012,4463.52,-203948,-47781.7,-52735,-50327.1,-26272.8,26272.8,0
1.013,9652.25,-200342,-46231.2,-51698.7,-50785,-25686.2,25686.2,0
1.014,14642.3,-196700,-44767.2,-50683.3,-51336.7,-25130.3,25130.3,0
1.015,19432.7,-193035,-43403.3,-49699.2,-51994.3,-24615.4,24615.4,0
1.016,24022,-189353,-42153.3,-48755.9,-52770.7,-24151.5,24151.5,0
1.017,28407.6,-185658,-41031.1,-47862,-53678.5,-23747.7,23747.7,0
1.018,32585.6,-181954,-40051,-47025.3,-54731.1,-23412.7,23412.7,0
1.019,36550.4,-178240,-39228.1,-46252.3,-55942,-23154.5,23154.5,0
1.02,40294.5,-174512,-38577.7,-45549,-57325.3,-22980.6,22980.6,0
1.021,43807.7,-170765,-38116.5,-44920.5,-58895.7,-22897.8,22897.8,0
1.022,47077.1,-166992,-37862,-44370.9,-60668.6,-22912.3,22912.3,0
1.023,50086.9,-163184,-37832.7,-43903.9,-62660.1,-23029.8,23029.8,0
1.024,52817.9,-159331,-38048.6,-43522,-64886.9,-23255.4,23255.4,0
1.025,55247.4,-155422,-38531.3,-43227.5,-67366.9,-23593.4,23593.4,0
1.026,57349,-151444,-39303.7,-43021.6,-70118.6,-24047.6,24047.6,0
1.027,59092.4,-147385,-40390.5,-42905,-73161.7,-24620.9,24620.9,0
1.028,60443.2,-143232,-41818,-42877.8,-76516.5,-25315.7,25315.7,0
1.029,61363.2,-138973,-43614.3,-42939.1,-80204.4,-26133.3,26133.3,0
1.03,61810,-134595,-45808.9,-43087.6,-84247.6,-27073.9,27073.9,0
1.031,61737.9,-130087,-48433,-43320.9,-88668.7,-28136.9,28136.9,0
1.032,61097.3,-125441,-51519.1,-43635.9,-93491,-29320.1,29320.1,0
1.033,59835.8,-120648,-55100.6,-44028.4,-98738,-30620.1,30620.1,0
1.034,57898.4,-115703,-59211.6,-44493.4,-104433,-32031.7,32031.7,0
1.035,55228.6,-110605,-63886.2,-45024.7,-110599,-33548.2,33548.2,0
1.036,51769.1,-105353,-69158,-45614.9,-117257,-35160.8,35160.8,0
1.037,47463.1,-99951.9,-75059.5,-46255.3,-124428,-36858.4,36858.4,0
1.038,42255.4,-94410.6,-81621,-46935.9,-132131,-38627.9,38627.9,0
1.039,36094.5,-88741.8,-88869.5,-47645.5,-140380,-40453.7,40453.7,0
1.04,28933.7,-82962.5,-96828.2,-48371.4,-149186,-42317.9,42317.9,0
1.041,20733.5,-77094.9,-105515,-49099.3,-158557,-44200.1,44200.1,0
1.042,11463.2,-71165.5,-114940,-49814.1,-168495,-46077.6,46077.6,0
1.043,3871.19,-65638.5,-121378,-49405,-174844,-46564.1,46564.1,0
1.044,3414.39,-61518.5,-118125,-46158.2,-170344,-43470.1,43470.1,0
1.045,6752.85,-58369.1,-110357,-41869.8,-160973,-38982.4,38982.4,0
1.046,13549.6,-56126,-98891.2,-36928.4,-147761,-33568.8,33568.8,0
1.047,23318.4,-54661.1,-84610.4,-31682.7,-131768,-27661.5,27661.5,0
1.048,35486.5,-53808.5,-68386.3,-26425.1,-114002,-21633,21633,0
1.049,49446.6,-53386.3,-51031.3,-21386,-95370.9,-15786,15786,0
1.05,64596.6,-53213.7,-33266.8,-16734.9,-76653.8,-10351.1,10351.1,0
1.051,80369.9,-53123.6,-15706.6,-12584.9,-58489.3,-5490.65,5490.65,0
1.052,96256.2,-52970.3,1150.76,-9000.53,-41374.8,-1305.82,1305.82,0
1.053,111816,-52634.9,16921.9,-6005.1,-25671.9,2155.11,-2155.11,0
1.054,126690,-52026.8,31334.1,-3589.29,-11616.8,4887.28,-4887.28,0
1.055,140602,-51084,44217.2,-1718.97,666.126,6919.92,-6919.92,0
1.056,153356,-49770.6,55493.2,-342.641,11149.2,8307.26,-8307.26,0
1.057,164839,-48073.9,65162.8,601.814,19884.6,9120.07,-9120.07,0
1.058,175004,-45999.9,73291.6,1181.3,26987.4,9438.02,-9438.02,0
1.059,183867,-43569.3,79995.5,1462.63,32618.4,9343.21,-9343.21,0
1.06,191492,-40812.3,85425.1,1508.66,36967.5,8914.83,-8914.83,0
1.061,197978,-37764.8,89751.4,1375.62,40239.1,8225.18,-8225.18,0
1.062,203444,-34464.7,93152.7,1111.32,42638.2,7337.12,-7337.12,0
1.063,208019,-30949.2,95802.7,754.483,44359.6,6302.62,-6302.62,0
1.064,211827,-27252.8,97860.2,334.764,45578.2,5162.59,-5162.59,0
1.065,214980,-23406.7,99461.1,-126.438,46441.6,3947.61,-3947.61,0
1.066,217564,-19438.3,100712,-614.681,47065.2,2679.46,-2679.46,0
1.067,219640,-15372.5,101684,-1120.75,47527.2,1373.3,-1373.3,0
1.068,221230,-11232.2,102411,-1638.64,47866.4,40.2429,-40.2429,0
1.069,222332,-7040.64,102897,-2163.46,48088.8,-1309.95,1309.95,0
1.07,222939,-2821.22,103138,-2690.33,48192.8,-2667.43,2667.43,0
1.071,223049,1402.24,103133,-3214.33,48178,-4022.23,4022.23,0
1.072,222668,5606.26,102884,-3730.57,48045.4,-5364.52,5364.52,0
1.073,221806,9768.09,102397,-4234.3,47797.4,-6684.72,6684.72,0
1.074,220478,13866.2,101679,-4720.98,47437.6,-7973.74,7973.74,0
1.075,218707,17880.7,100739,-5186.37,46970.6,-9223.11,9223.11,0
1.076,216516,21793.6,99590.4,-5626.6,46402,-10425.1,10425.1,0
1.077,213935,25589,98246,-6038.18,45738.5,-11572.9,11572.9,0
1.078,210995,29253.6,96721.1,-6418.09,44987.1,-12660.6,12660.6,0
1.079,207730,32776.4,95031.6,-6763.75,44155.6,-13683.3,13683.3,0
1.08,204174,36149.1,93194.3,-7073.07,43251.7,-14636.9,14636.9,0
1.081,200364,39365.6,91226.3,-7344.38,42283.6,-15518.6,15518.6,0
1.082,196335,42422.4,89144.4,-7576.47,41259.5,-16326.3,16326.3,0
1.083,192121,45318.4,86965.4,-7768.55,40187.1,-17058.8,17058.8,0
1.084,187757,48054.4,84705.4,-7920.18,39074.3,-17715.7,17715.7,0
1.085,183275,50632.9,82379.7,-8031.25,37928.2,-18297.5,18297.5,0
1.086,178705,53058.5,80002.8,-8101.94,36755.8,-18805,18805,0
1.087,174074,55336.7,77587.9,-8132.66,35563.4,-19239.8,19239.8,0
1.088,169409,57474.7,75147.4,-8124.02,34356.8,-19603.8,19603.8,0
1.089,164733,59480.2,72692.3,-8076.77,33141.3,-19899.2,19899.2,0
1.09,160066,61362.1,70232.6,-7991.77,31921.6,-20128.7,20128.7,0
1.091,155426,63129.4,67776.7,-7869.93,30701.8,-20294.8,20294.8,0
1.092,150831,64792,65332.4,-7712.24,29485.4,-20400.5,20400.5,0
1.093,146292,66359.7,62906,-7519.64,28275.6,-20448.5,20448.5,0
1.094,141821,67842.4,60503,-7293.09,27074.9,-20441.8,20441.8,0
1.095,137428,69250.3,58127.6,-7033.49,25885.3,-20383.1,20383.1,0
1.096,133121,70593.2,55783.5,-6741.7,24708.5,-20275.3,20275.3,0
1.097,128904,71880.9,53473.3,-6418.49,23545.9,-20120.9,20120.9,0
1.098,124781,73122.9,51198.9,-6064.56,22398.2,-19922.4,19922.4,0
1.099,120757,74328.6,48961.6,-5680.52,21266.2,-19682.1,19682.1,0
1.1,116830,75506.9,46762.1,-5266.91,20150.1,-19402.3,19402.3,0
1.101,113003,76666.5,44600.5,-4824.15,19050.1,-19085,19085,0
1.102,109274,77815.6,42476.5,-4352.59,17965.9,-18732,18732,0
1.103,105641,78962.3,40389.4,-3852.5,16897.3,-18345.1,18345.1,0
1.104,102102,80114.2,38338,-3324.05,15843.7,-17925.7,17925.7,0
1.105,98653.1,81278.4,36321.1,-2767.35,14804.7,-17475.4,17475.4,0
1.106,95291,82462,34337.1,-2182.46,13779.5,-16995.2,16995.2,0
1.107,92011,83671.4,32384.1,-1569.35,12767.3,-16486.5,16486.5,0
1.108,88808.2,84912.9,30460.2,-927.972,11767.2,-15950.1,15950.1,0
1.109,85677.2,86192.3,28563.3,-258.254,10778.5,-15387.1,15387.1,0
1.11,82612.3,87515.1,26691.3,439.908,9800.1,-14798.2,14798.2,0
1.111,79607.4,88886.4,24842,1166.61,8831.19,-14184.4,14184.4,0
1.112,76656.1,90311,23013,1921.94,7870.85,-13546.1,13546.1,0
1.113,73751.8,91793.3,21202.1,2705.95,6918.19,-12884.3,12884.3,0
1.114,70887.4,93337.3,19407.1,3518.63,5972.38,-12199.6,12199.6,0
1.115,68055.9,94946.6,17625.7,4359.9,5032.61,-11492.8,11492.8,0
1.116,65249.9,96624.2,15855.9,5229.6,4098.18,-10764.5,10764.5,0
1.117,62461.9,98372.9,14095.4,6127.45,3168.42,-10015.5,10015.5,0
1.118,59684.2,100195,12342.5,7053.01,2242.77,-9246.83,9246.83,0
1.119,56909,102092,10595.3,8005.7,1320.79,-8459.37,8459.37,0
1.12,54128.4,104065,8851.99,8984.74,402.131,-7654.25,7654.25,0
1.121,51334.2,106114,7111.21,9989.15,-513.422,-6832.7,6832.7,0
1.122,48518.5,108239,5371.6,11017.7,-1425.94,-5996.11,5996.11,0
1.123,45673.1,110440,3632.06,12068.9,-2335.36,-5146.07,5146.07,0
1.124,42789.8,112714,1891.71,13141,-3241.45,-4284.36,4284.36,0
1.125,39860.7,115059,149.932,14231.9,-4143.8,-3412.95,3412.95,0
1.126,36877.8,117472,-1593.62,15339.2,-5041.84,-2534.07,2534.07,0
1.127,33833.2,119948,-3339.02,16460.2,-5934.8,-1650.14,1650.14,0
1.128,30719.5,122481,-5086.02,17591.8,-6821.75,-763.863,763.863,0
1.129,27529.1,125066,-6834.06,18730.6,-7701.54,121.857,-121.857,0
1.13,24255.4,127696,-8582.26,19872.9,-8572.85,1003.87,-1003.87,0
1.131,20891.6,130361,-10329.4,21014.4,-9434.17,1878.8,-1878.8,0
1.132,17431.7,133052,-12074,22150.9,-10283.8,2743.09,-2743.09,0
1.133,13870.4,135760,-13814,23277.4,-11119.9,3592.99,-3592.99,0
1.134,10202.7,138472,-15547.4,24389.1,-11940.4,4424.59,-4424.59,0
1.135,6424.73,141177,-17271.6,25480.7,-12743.2,5233.91,-5233.91,0
1.136,2533.14,143860,-18983.7,26546.8,-13526,6016.88,-6016.88,0
1.137,-1474.41,146509,-20680.9,27581.8,-14286.5,6769.44,-6769.44,0
1.138,-5599.37,149109,-22359.7,28580.1,-15022.2,7487.56,-7487.56,0
1.139,-9842.2,151644,-24016.8,29536.2,-15730.8,8167.34,-8167.34,0
1.14,-14202.3,154099,-25648.6,30444.6,-16409.8,8805.02,-8805.02,0
1.141,-18678.2,156458,-27251.4,31299.9,-17056.9,9397.12,-9397.12,0
1.142,-23267.2,158707,-28821.6,32097.1,-17669.8,9940.44,-9940.44,0
1.143,-27965.6,160828,-30355.6,32831.5,-18246.4,10432.1,-10432.1,0
1.144,-32768.8,162807,-31849.8,33498.7,-18784.7,10869.8,-10869.8,0
1.145,-37671.3,164629,-33300.9,34094.9,-19283,11251.5,-11251.5,0
1.146,-42666.6,166280,-34705.9,34616.9,-19739.8,11575.8,-11575.8,0
1.147,-47747.4,167747,-36061.8,35061.7,-20154,11841.8,-11841.8,0
1.148,-52905.9,169017,-37366.4,35427.5,-20524.7,12049.2,-12049.2,0
1.149,-58133.6,170080,-38617.4,35712.7,-20851.2,12198.3,-12198.3,0
1.15,-63421.3,170926,-39813.3,35916.5,-21133.5,12289.8,-12289.8,0
1.151,-68759.8,171546,-40952.8,36038.8,-21371.5,12325.1,-12325.1,0
1.152,-74139.4,171932,-42035.3,36080.1,-21565.9,12306.1,-12306.1,0
1.153,-79550.5,172079,-43060.4,36041.6,-21717.5,12235.1,-12235.1,0
1.154,-84983.1,171982,-44028.5,35924.8,-21827.3,12114.8,-12114.8,0
1.155,-90427.7,171638,-44940.2,35732.1,-21897,11948.6,-11948.6,0
1.156,-95874.7,171045,-45796.5,35466,-21928.1,11739.7,-11739.7,0
1.157,-101315,170202,-46599.2,35129.5,-21922.9,11491.8,-11491.8,0
1.158,-106739,169109,-47349.9,34726,-21883.4,11208.9,-11208.9,0
1.159,-112138,167768,-48051,34259,-21812.2,10894.9,-10894.9,0
1.16,-117505,166181,-48705,33732.3,-21711.8,10553.7,-10553.7,0
1.161,-122831,164351,-49314.6,33149.6,-21584.8,10189.4,-10189.4,0
1.162,-128109,162281,-49882.7,32514.8,-21434.1,9805.73,-9805.73,0
1.163,-133332,159976,-50412.3,31831.7,-21262.5,9406.58,-9406.58,0
1.164,-138493,157439,-50906.5,31104.1,-21072.9,8995.48,-8995.48,0
1.165,-143586,154677,-51368.5,30335.5,-20867.9,8575.82,-8575.82,0
1.166,-148605,151694,-51801.5,29529.5,-20650.5,8150.71,-8150.71,0
1.167,-153545,148495,-52208.6,28689.1,-20423.4,7723.04,-7723.04,0
1.168,-158400,145087,-52592.7,27817.5,-20189.1,7295.4,-7295.4,0
1.169,-163165,141474,-52956.9,26917.5,-19950.3,6870.08,-6870.08,0
1.17,-167836,137662,-53303.9,25991.5,-19709.3,6449.12,-6449.12,0
1.171,-172408,133657,-53636.4,25041.9,-19468.5,6034.24,-6034.24,0
1.172,-176876,129464,-53957,24070.7,-19230.1,5626.89,-5626.89,0
1.173,-181237,125088,-54267.9,23079.7,-18996.1,5228.24,-5228.24,0
1.174,-185486,120534,-54571.5,22070.4,-18768.4,4839.19,-4839.19,0
1.175,-189620,115808,-54869.6,21044.2,-18549,4460.41,-4460.41,0
1.176,-193633,110915,-55164.1,20002.1,-18339.4,4092.31,-4092.31,0
1.177,-197523,105859,-55456.8,18945,-18141.3,3735.11,-3735.11,0
1.178,-201285,100645,-55749,17873.8,-17956,3388.78,-3388.78,0
1.179,-204916,95278,-56042.3,16788.8,-17785,3053.15,-3053.15,0
1.18,-208410,89762.5,-56337.8,15690.4,-17629.5,2727.84,-2727.84,0
1.181,-211766,84102.9,-56636.6,14579,-17490.6,2412.32,-2412.32,0
1.182,-214978,78304,-56939.6,13454.6,-17369.4,2105.92,-2105.92,0
1.183,-218042,72370.1,-57247.7,12317.1,-17266.9,1807.83,-1807.83,0
1.184,-220955,66305.8,-57561.7,11166.5,-17184.1,1517.13,-1517.13,0
1.185,-223713,60115.6,-57882.2,10002.5,-17121.7,1232.76,-1232.76,0
1.186,-226311,53804.1,-58209.7,8824.95,-17080.6,953.602,-953.602,0
1.187,-228746,47375.8,-58544.7,7633.34,-17061.5,678.406,-678.406,0
1.188,-231013,40835.6,-58887.7,6427.3,-17065.2,405.857,-405.857,0
1.189,-233109,34188.1,-59238.9,5206.37,-17092.2,134.56,-134.56,0
1.19,-235029,27438.4,-59598.7,3970.01,-17143.2,-136.953,136.953,0
1.191,-236770,20591.4,-59967.4,2717.68,-17218.8,-410.214,410.214,0
1.192,-238327,13652.3,-60345,1448.8,-17319.5,-686.813,686.813,0
1.193,-239701,6626.37,-60736.6,162.673,-17450.7,-968.474,968.474,0
1.194,-240894,-481.438,-61148.1,-1141.77,-17618.8,-1257.33,1257.33,0
1.195,-241902,-7666.22,-61579.8,-2465.74,-17824.4,-1555.66,1555.66,0
1.196,-242721,-14922.8,-62031.6,-3810.46,-18067.9,-1865.8,1865.8,0
1.197,-243348,-22245.7,-62503.6,-5177.11,-18349.8,-2190.11,2190.11,0
1.198,-243777,-29629.2,-62995.6,-6566.9,-18670.5,-2531,2531,0
1.199,-244004,-37067.3,-63507.5,-7980.97,-19030.5,-2890.87,2890.87,0
1.2,-244027,-44553.5,-64039,-9420.44,-19430.1,-3272.15,3272.15,0
1.201,-243840,-52081.1,-64589.7,-10886.3,-19869.5,-3677.26,3677.26,0
1.202,-243439,-59642.7,-65159,-12379.6,-20349,-4108.6,4108.6,0
1.203,-242820,-67230.7,-65746.4,-13901.2,-20868.6,-4568.52,4568.52,0
1.204,-241979,-74836.7,-66350.8,-15451.7,-21428.2,-5059.3,5059.3,0
1.205,-240912,-82452,-66971.2,-17031.7,-22027.8,-5583.13,5583.13,0
1.206,-239614,-90067.1,-67606.2,-18641.5,-22667,-6142.07,6142.07,0
1.207,-238082,-97671.6,-68254.2,-20281.3,-23345.3,-6738,6738,0
1.208,-236311,-105255,-68913.2,-21950.8,-24062,-7372.6,7372.6,0
1.209,-234297,-112805,-69580.8,-23649.5,-24816,-8047.3,8047.3,0
1.21,-232036,-120309,-70254.3,-25376.3,-25606.3,-8763.19,8763.19,0
1.211,-229525,-127753,-70930.6,-27130,-26431.1,-9521,9521,0
1.212,-226759,-135123,-71605.9,-28908.6,-27288.7,-10321,10321,0
1.213,-223737,-142403,-72276.3,-30709.5,-28176.9,-11163.1,11163.1,0
1.214,-220454,-149577,-72936.9,-32529.6,-29093.1,-12046.4,12046.4,0
1.215,-216908,-156625,-73582.6,-34365,-30034.3,-12969.5,12969.5,0
1.216,-213098,-163530,-74207.7,-36211.2,-30997.1,-13930.4,13930.4,0
1.217,-209022,-170271,-74805.9,-38062.5,-31977.6,-14926.1,14926.1,0
1.218,-204681,-176826,-75370.4,-39912.9,-32971.7,-15953,15953,0
1.219,-200075,-183175,-75893.8,-41755,-33974.6,-17006.6,17006.6,0
1.22,-195205,-189293,-76368.6,-43580.9,-34981.4,-18081.4,18081.4,0
1.221,-190076,-195157,-76786.7,-45381.8,-35986.7,-19171.1,19171.1,0
1.222,-184693,-200744,-77139.9,-47148,-36984.9,-20268.7,20268.7,0
1.223,-179061,-206029,-77419.6,-48869.1,-37969.9,-21366.1,21366.1,0
1.224,-173189,-210989,-77617.7,-50534.3,-38935.9,-22454.7,22454.7,0
1.225,-167087,-215601,-77725.9,-52132.2,-39876.7,-23525.1,23525.1,0
1.226,-160769,-219843,-77736.6,-53651.1,-40786.4,-24567.6,24567.6,0
1.227,-154248,-223694,-77642.3,-55079.6,-41659.3,-25572,25572,0
1.228,-147541,-227137,-77436.8,-56406.1,-42489.9,-26528.2,26528.2,0
1.229,-140666,-230155,-77114.6,-57619.7,-43273.3,-27426,27426,0
1.23,-133645,-232736,-76671.2,-58710.3,-44005.2,-28255.8,28255.8,0
1.231,-126498,-234872,-76103.7,-59668.9,-44682.2,-29008.4,29008.4,0
1.232,-119251,-236555,-75410.6,-60487.5,-45301.7,-29675.7,29675.7,0
1.233,-111928,-237785,-74591.7,-61159.9,-45862,-30250.5,30250.5,0
1.234,-104555,-238565,-73648.7,-61681.7,-46362.6,-30727.1,30727.1,0
1.235,-97156.7,-238902,-72584.9,-62050.4,-46804.3,-31101.3,31101.3,0
1.236,-89760.1,-238808,-71405.4,-62265.5,-47189,-31370.5,31370.5,0
1.237,-82390.5,-238298,-70116.6,-62328.5,-47519.7,-31533.9,31533.9,0
1.238,-75072.3,-237391,-68726.6,-62243.2,-47800.7,-31592.4,31592.4,0
1.239,-67828.8,-236110,-67244.9,-62015.3,-48037.5,-31548.8,31548.8,0
1.24,-60681.5,-234480,-65682.1,-61652.4,-48236.7,-31407.5,31407.5,0
1.241,-53650.2,-232530,-64049.9,-61163.9,-48405.7,-31174.7,31174.7,0
1.242,-46752.1,-230289,-62360.8,-60560.4,-48553.1,-30857.9,30857.9,0
1.243,-40002.6,-227787,-60628,-59854.1,-48687.8,-30465.9,30465.9,0
1.244,-33414.5,-225054,-58865.1,-59057.7,-48819.9,-30008.4,30008.4,0
1.245,-26998.2,-222121,-57086,-58185,-48959.7,-29496.3,29496.3,0
1.246,-20762.3,-219017,-55304.9,-57249.9,-49118,-28940.7,28940.7,0
1.247,-14713,-215769,-53535.7,-56266.4,-49305.9,-28353.4,28353.4,0
1.248,-8854.85,-212404,-51792.5,-55248.5,-49535,-27746.3,27746.3,0
1.249,-3191.06,-208945,-50089.3,-54209.9,-49816.8,-27131.2,27131.2,0
1.25,2276.44,-205413,-48439.8,-53163.5,-50163.3,-26519.9,26519.9,0
1.251,7546.41,-201825,-46857.7,-52121.8,-50586.3,-25923.8,25923.8,0
1.252,12618,-198197,-45356.6,-51096.5,-51097.9,-25354,25354,0
1.253,17490.5,-194540,-43950,-50098.4,-51710.6,-24821.1,24821.1,0
1.254,22162.5,-190864,-42651.6,-49137.3,-52436.7,-24335.1,24335.1,0
1.255,26632,-187174,-41475.2,-48222.2,-53289,-23905.6,23905.6,0
1.256,30895.7,-183474,-40435.1,-47361.1,-54280.5,-23541.3,23541.3,0
1.257,34948.8,-179764,-39545.8,-46561.2,-55424.7,-23250.7,23250.7,0
1.258,38784.5,-176042,-38822.7,-45828.7,-56735.6,-23041.3,23041.3,0
1.259,42393.8,-172304,-38281.8,-45169,-58227.4,-22920.3,22920.3,0
1.26,45764.9,-168543,-37940.3,-44586.5,-59915.3,-22894.2,22894.2,0
1.261,48883.4,-164751,-37816.2,-44085.2,-61815,-22968.8,22968.8,0
1.262,51731.3,-160918,-37929,-43668.1,-63943.1,-23149.5,23149.5,0
1.263,54287.5,-157033,-38299.5,-43337.6,-66317,-23440.8,23440.8,0
1.264,56527.1,-153085,-38950.1,-43095.2,-68954.8,-23846.9,23846.9,0
1.265,58421.4,-149061,-39904.8,-42941.9,-71875.9,-24371.1,24371.1,0
1.266,59937.7,-144948,-41189.2,-42878.1,-75100.2,-25015.8,25015.8,0
1.267,61039.4,-140734,-42830.5,-42903.2,-78648.7,-25782.8,25782.8,0
1.268,61685.8,-136406,-44858,-43016.2,-82543.3,-26673,26673,0
1.269,61832.5,-131953,-47301.9,-43215,-86806.5,-27685.9,27685.9,0
1.27,61431.4,-127364,-50194.4,-43496.8,-91461.2,-28820.1,28820.1,0
1.271,60431.3,-122632,-53568.4,-43858.1,-96531,-30072.6,30072.6,0
1.272,58778.1,-117751,-57457.9,-44294.1,-102039,-31439.2,31439.2,0
1.273,56415.9,-112715,-61896.9,-44799,-108009,-32913.6,32913.6,0
1.274,53287.5,-107526,-66919.6,-45365.9,-114462,-34487.9,34487.9,0
1.275,49335.7,-102186,-72558.8,-45986.8,-121421,-36152,36152,0
1.276,44504.7,-96700.9,-78845.7,-46652.2,-128903,-37893.7,37893.7,0
1.277,38741.1,-91082.6,-85809.1,-47351.4,-136926,-39698.4,39698.4,0
1.278,31996.1,-85346.4,-93473.7,-48072.2,-145502,-41549.2,41549.2,0
1.279,24226.9,-79512.1,-101859,-48801.1,-154641,-43426.6,43426.6,0
1.28,15399.1,-73604.6,-110980,-49523.2,-164346,-45308.9,45308.9,0
1.281,5488.04,-67653.1,-120843,-50222.4,-174616,-47172,47172,0
1.282,3131.31,-63092.4,-120049,-47640.1,-172837,-44936,44936,0
1.283,4941.31,-59547.6,-114042,-43731,-165346,-40963.1,40963.1,0
1.284,10369.9,-56944.8,-103990,-39012.8,-153582,-35874.7,35874.7,0
1.285,18984.1,-55178.8,-90757.8,-33853.2,-138605,-30121.2,30121.2,0
1.286,30239.6,-54096.3,-75229,-28569.1,-121450,-24101.8,24101.8,0
1.287,43537.9,-53519.6,-58245.3,-23416.4,-103073,-18148.3,18148.3,0
1.288,58270.6,-53265.8,-40568.3,-18589.2,-84305.4,-12520.8,12520.8,0
1.289,73853.4,-53160.8,-22857.2,-14223.1,-65845.8,-7408.96,7408.96,0
1.29,89750.8,-53049.4,-5658.31,-10401.5,-48248.8,-2938.11,2938.11,0
1.291,105493,-52801.3,10598,-7163.68,-31930.8,822.893,-822.893,0
1.292,120687,-52314.2,25594.4,-4512.78,-17178,3852.47,-3852.47,0
1.293,135022,-51514.6,39119.9,-2423.89,-4158.98,6166.99,-6166.99,0
1.294,148270,-50356.1,51059.9,-851.793,7060.95,7811.47,-7811.47,0
1.295,160284,-48817,61384.5,262.035,16503.2,8850.86,-8850.86,0
1.296,170991,-46896.1,70134.5,983.184,24259.2,9362.06,-9362.06,0
1.297,180384,-44608.6,77406.9,1379.02,30472.8,9426.86,-9426.86,0
1.298,188507,-41981.4,83339.9,1514.43,35324.1,9126.21,-9126.21,0
1.299,195447,-39048.6,88097.8,1448.62,39013.1,8535.63,-8535.63,0
1.3,201317,-35847.6,91857.4,1233,41746.1,7722.1,-7722.1,0
1.301,206242,-32416.1,94795.7,910.062,43723.4,6742.14,-6742.14,0
1.302,210351,-28790,97078.6,513.121,45128.8,5641.16,-5641.16,0
1.303,213760,-25001.8,98852.3,66.8379,46122.2,4453.84,-4453.84,0
1.304,216569,-21080.4,100236,-411.678,46832.7,3205.35,-3205.35,0
1.305,218849,-17051.7,101316,-911.296,47354,1913.27,-1913.27,0
1.306,220637,-12939.2,102142,-1424.95,47741.6,590.04,-590.04,0
1.307,221941,-8765.79,102728,-1947.51,48012.1,-754.315,754.315,0
1.308,222752,-4554.87,103070,-2474.14,48164.8,-2110.02,2110.02,0
1.309,223065,-330.15,103165,-2999.93,48198.7,-3467.14,3467.14,0
1.31,222885,3884.69,103016,-3519.94,48114.3,-4815.75,4815.75,0
1.311,222218,8066.56,102626,-4029.37,47913.3,-6146.16,6146.16,0
1.312,221080,12193.4,102002,-4523.58,47598.8,-7449.06,7449.06,0
1.313,219487,16244.6,101152,-4998.21,47175.2,-8715.69,8715.69,0
1.314,217465,20201.2,100087,-5449.22,46647.6,-9938.04,9938.04,0
1.315,215041,24046.7,98821.2,-5872.95,46022.2,-11108.9,11108.9,0
1.316,212244,27766.5,97368.4,-6266.2,45306,-12221.9,12221.9,0
1.317,209108,31348.7,95744.4,-6626.2,44506.3,-13271.8,13271.8,0
1.318,205668,34783.8,93965.8,-6950.66,43631.2,-14254.2,14254.2,0
1.319,201958,38065,92049.3,-7237.74,42688.4,-15165.7,15165.7,0
1.32,198014,41187.7,90012.1,-7486.06,41686.3,-16004,16004,0
1.321,193872,44149.7,87871,-7694.63,40632.8,-16767.4,16767.4,0
1.322,189566,46951.1,85642.3,-7862.9,39535.7,-17455.4,17455.4,0
1.323,185128,49593.9,83341.7,-7990.61,38402.4,-18067.9,18067.9,0
1.324,180590,52081.6,80984.1,-8077.83,37240,-18605.7,18605.7,0
1.325,175981,54419.6,78583.2,-8124.89,36055,-19070.2,19070.2,0
1.326,171327,56614.2,76151.8,-8132.32,34853.6,-19463,19463,0
1.327,166653,58673.1,73701.4,-8100.81,33641.1,-19786.3,19786.3,0
1.328,161980,60604.6,71242.4,-8031.19,32422.6,-20042.5,20042.5,0
1.329,157327,62417.9,68784,-7924.36,31202.3,-20234.2,20234.2,0
1.33,152711,64122.3,66334.1,-7781.26,29984.2,-20364.4,20364.4,0
1.331,148148,65727.7,63899.6,-7602.87,28771.3,-20435.7,20435.7,0
1.332,143648,67244.1,61486.3,-7390.13,27566.5,-20451.1,20451.1,0
1.333,139222,68681.4,59099.1,-7143.99,26372.1,-20413.4,20413.4,0
1.334,134879,70049.8,56741.8,-6865.31,25189.9,-20325.5,20325.5,0
1.335,130624,71359,54417.4,-6554.9,24021.3,-20189.8,20189.8,0
1.336,126462,72618.7,52128.1,-6213.49,22867.4,-20009.1,20009.1,0
1.337,122397,73838.2,49875.4,-5841.74,21728.9,-19785.7,19785.7,0
1.338,118430,75026.7,47660.4,-5440.2,20606.3,-19521.9,19521.9,0
1.339,114562,76192.9,45483.2,-5009.35,19499.6,-19219.7,19219.7,0
1.34,110793,77345.4,43343.8,-4549.57,18408.9,-18881.2,18881.2,0
1.341,107121,78492.1,41241.6,-4061.15,17334,-18508,18508,0
1.342,103543,79641,39175.7,-3544.32,16274.3,-18101.7,18101.7,0
1.343,100058,80799.3,37144.8,-2999.2,15229.4,-17663.9,17663.9,0
1.344,96660.9,81974.1,35147.5,-2425.86,14198.6,-17195.9,17195.9,0
1.345,93347.7,83172.2,33182,-1824.33,13181.1,-16698.7,16698.7,0
1.346,90113.8,84399.8,31246.4,-1194.55,12176.2,-16173.6,16173.6,0
1.347,86954,85663,29338.7,-536.47,11182.9,-15621.4,15621.4,0
1.348,83862.7,86967.3,27456.7,150.015,10200.4,-15043,15043,0
1.349,80833.9,88318.1,25598.3,865.004,9227.7,-14439.3,14439.3,0
1.35,77861.4,89720.3,23761.2,1608.59,8263.94,-13811,13811,0
1.351,74938.6,91178.5,21943.2,2380.83,7308.23,-13158.8,13158.8,0
1.352,72058.6,92696.7,20141.9,3181.75,6359.69,-12483.4,12483.4,0
1.353,69214.5,94278.8,18355.2,4011.32,5417.53,-11785.5,11785.5,0
1.354,66398.9,95928,16580.8,4869.39,4480.98,-11065.9,11065.9,0
1.355,63604.4,97647.3,14816.8,5755.74,3549.37,-10325.3,10325.3,0
1.356,60823.4,99439,13061,6670,2622.09,-9564.58,9564.58,0
1.357,58048.1,101305,11311.6,7611.65,1698.64,-8784.69,8784.69,0
1.358,55270.7,103247,9566.86,8580,778.646,-7986.67,7986.67,0
1.359,52483,105265,7825.22,9574.14,-138.172,-7171.69,7171.69,0
1.36,49677.1,107359,6085.26,10593,-1051.95,-6341.09,6341.09,0
1.361,46844.8,109529,4345.79,11635.1,-1962.67,-5496.36,5496.36,0
1.362,43978,111773,2605.85,12698.8,-2870.16,-4639.2,4639.2,0
1.363,41068.7,114090,864.702,13782.3,-3774.11,-3771.51,3771.51,0
1.364,38108.8,116475,-878.115,14883.2,-4674.01,-2895.4,2895.4,0
1.365,35090.4,118925,-2622.78,15998.9,-5569.17,-2013.22,2013.22,0
1.366,32005.9,121436,-4369.19,17126.6,-6458.72,-1127.56,1127.56,0
1.367,28847.8,124001,-6116.9,18262.9,-7341.6,-241.238,241.238,0
1.368,25609,126613,-7865.18,19404.2,-8216.57,642.698,-642.698,0
1.369,22282.9,129264,-9612.95,20546.6,-9082.19,1520.97,-1520.97,0
1.37,18863.1,131946,-11358.8,21685.7,-9936.83,2390.07,-2390.07,0
1.371,15344,134649,-13100.9,22816.9,-10778.7,3246.34,-3246.34,0
1.372,11720.5,137361,-14837.4,23935.3,-11605.9,4085.94,-4085.94,0
1.373,7988.16,140070,-16565.6,25035.8,-12416.2,4904.89,-4904.89,0
1.374,4143.48,142764,-18283.1,26113,-13207.5,5699.17,-5699.17,0
1.375,183.699,145429,-19986.8,27161.5,-13977.5,6464.71,-6464.71,0
1.376,-3893.02,148050,-21673.6,28175.5,-14723.7,7197.44,-7197.44,0
1.377,-8087.54,150614,-23340.1,29149.6,-15443.7,7893.41,-7893.41,0
1.378,-12399.7,153103,-24982.7,30078.2,-16135.1,8548.81,-8548.81,0
1.379,-16828.4,155504,-26597.8,30955.9,-16795.6,9160.02,-9160.02,0
1.38,-21371.4,157800,-28181.9,31777.6,-17422.8,9723.72,-9723.72,0
1.381,-26025.5,159975,-29731.1,32538.3,-18014.5,10236.9,-10236.9,0
1.382,-30786.4,162014,-31242.1,33233.6,-18568.7,10697,-10697,0
1.383,-35648.9,163902,-32711.3,33859.4,-19083.6,11101.9,-11101.9,0
1.384,-40607,165625,-34135.5,34412.1,-19557.7,11449.9,-11449.9,0
1.385,-45653.7,167169,-35511.9,34888.9,-19989.5,11739.9,-11739.9,0
1.386,-50781.4,168522,-36837.8,35287.3,-20378.1,11971.3,-11971.3,0
1.387,-55981.8,169671,-38111.1,35605.7,-20722.8,12144.3,-12144.3,0
1.388,-61246,170607,-39329.8,35842.9,-21023.2,12259.2,-12259.2,0
1.389,-66564.9,171320,-40492.5,35998.7,-21279.3,12317.4,-12317.4,0
1.39,-71928.8,171803,-41598.5,36073.1,-21491.6,12320.4,-12320.4,0
1.391,-77328.2,172049,-42647.1,36067.2,-21660.6,12270.4,-12270.4,0
1.392,-82753.2,172052,-43638.6,35982.3,-21787.3,12170,-12170,0
1.393,-88194.1,171810,-44573.2,35820.4,-21873.3,12022.2,-12022.2,0
1.394,-93641.3,171319,-45452.1,35584,-21920,11830.4,-11830.4,0
1.395,-99085.4,170579,-46276.6,35276,-21929.5,11598,-11598,0
1.396,-104517,169589,-47048.4,34899.6,-21903.7,11329,-11329,0
1.397,-109928,168349,-47769.6,34458.2,-21845.2,11027.3,-11027.3,0
1.398,-115309,166863,-48442.6,33955.5,-21756.4,10696.7,-10696.7,0
1.399,-120653,165132,-49070,33395.3,-21640,10341.4,-10341.4,0
1.4,-125951,163160,-49654.8,32781.4,-21498.8,9965.23,-9965.23,0
1.401,-131198,160950,-50199.8,32117.7,-21335.4,9572,-9572,0
1.402,-136385,158508,-50708.1,31407.9,-21152.8,9165.38,-9165.38,0
1.403,-141506,155838,-51183,30655.7,-20953.8,8748.84,-8748.84,0
1.404,-146556,152944,-51627.5,29864.6,-20741.2,8325.6,-8325.6,0
1.405,-151529,149834,-52044.8,29037.9,-20517.7,7898.64,-7898.64,0
1.406,-156420,146511,-52438,28178.8,-20286,7470.69,-7470.69,0
1.407,-161222,142981,-52810,27290,-20048.8,7044.15,-7044.15,0
1.408,-165933,139250,-53163.8,26374.4,-19808.4,6621.18,-6621.18,0
1.409,-170546,135323,-53501.9,25434.2,-19567.2,6203.61,-6203.61,0
1.41,-175057,131207,-53827.1,24471.6,-19327.6,5793.01,-5793.01,0
1.411,-179463,126905,-54141.7,23488.5,-19091.5,5390.66,-5390.66,0
1.412,-183758,122424,-54448,22486.6,-18861,4997.57,-4997.57,0
1.413,-187940,117768,-54748.1,21467.1,-18638,4614.52,-4614.52,0
1.414,-192003,112942,-55043.9,20431.4,-18424.2,4242,-4242,0
1.415,-195944,107952,-55337.2,19380.4,-18221.2,3880.31,-3880.31,0
1.416,-199759,102803,-55629.4,18314.9,-18030.4,3529.53,-3529.53,0
1.417,-203444,97497.8,-55922.1,17235.5,-17853.4,3189.55,-3189.55,0
1.418,-206995,92042.6,-56216.6,16142.6,-17691.4,2860.06,-2860.06,0
1.419,-210408,86441.5,-56513.9,15036.5,-17545.5,2540.59,-2540.59,0
1.42,-213679,80699.2,-56815,13917.4,-17417,2230.54,-2230.54,0
1.421,-216804,74820,-57121,12785.2,-17306.7,1929.15,-1929.15,0
1.422,-219780,68808.6,-57432.5,11640,-17215.7,1635.53,-1635.53,0
1.423,-222602,62669.5,-57750.2,10481.6,-17144.8,1348.7,-1348.7,0
1.424,-225266,56407.1,-58074.8,9309.6,-17094.9,1067.55,-1067.55,0
1.425,-227768,50026.1,-58406.7,8123.78,-17066.7,790.876,-790.876,0
1.426,-230105,43531.2,-58746.3,6923.71,-17061,517.403,-517.403,0
1.427,-232271,36927.1,-59094.2,5708.94,-17078.3,245.764,-245.764,0
1.428,-234264,30218.6,-59450.4,4478.96,-17119.4,-25.4805,25.4805,0
1.429,-236079,23410.8,-59815.4,3233.24,-17184.9,-297.837,297.837,0
1.43,-237712,16508.8,-60189.3,1971.2,-17275.2,-572.873,572.873,0
1.431,-239160,9517.83,-60573.8,692.25,-17392.6,-852.227,852.227,0
1.432,-240428,2442.98,-60977.2,-604.543,-17545.4,-1137.86,1137.86,0
1.433,-241512,-4710.9,-61400.6,-1920.37,-17735.6,-1432.03,1432.03,0
1.434,-242410,-11938.7,-61844.1,-3256.44,-17963.4,-1737.04,1737.04,0
1.435,-243115,-19235.1,-62307.9,-4613.96,-18229.5,-2055.26,2055.26,0
1.436,-243626,-26594.6,-62791.7,-5994.13,-18534.3,-2389.05,2389.05,0
1.437,-243937,-34011.1,-63295.4,-7398.12,-18878.2,-2740.85,2740.85,0
1.438,-244044,-41478.4,-63818.9,-8827.05,-19261.5,-3113.06,3113.06,0
1.439,-243943,-48989.9,-64361.8,-10282,-19684.5,-3508.11,3508.11,0
1.44,-243630,-56538.5,-64923.6,-11764,-20147.6,-3928.41,3928.41,0
1.441,-243101,-64116.7,-65503.6,-13273.8,-20650.7,-4376.33,4376.33,0
1.442,-242352,-71716.4,-66101.2,-14812.4,-21193.9,-4854.18,4854.18,0
1.443,-241378,-79329.1,-66715.2,-16380.3,-21777.2,-5364.21,5364.21,0
1.444,-240176,-86945.5,-67344.4,-17977.8,-22400.2,-5908.51,5908.51,0
1.445,-238740,-94555.7,-67987.3,-19605.4,-23062.5,-6489.06,6489.06,0
1.446,-237067,-102149,-68642,-21262.7,-23763.6,-7107.62,7107.62,0
1.447,-235153,-109714,-69306.4,-22949.5,-24502.4,-7765.73,7765.73,0
1.448,-232994,-117239,-69977.9,-24665,-25278,-8464.62,8464.62,0
1.449,-230586,-124709,-70653.4,-26407.9,-26088.9,-9205.18,9205.18,0
1.45,-227925,-132112,-71329.6,-28176.5,-26933.3,-9987.91,9987.91,0
1.451,-225008,-139431,-72002.6,-29968.6,-27809.3,-10812.8,10812.8,0
1.452,-221832,-146650,-72667.8,-31781.3,-28714.3,-11679.3,11679.3,0
1.453,-218395,-153752,-73320.3,-33611,-29645.6,-12586.3,12586.3,0
1.454,-214693,-160718,-73954.6,-35453.3,-30600,-13532,13532,0
1.455,-210727,-167529,-74564.6,-37303.3,-31573.7,-14513.9,14513.9,0
1.456,-206494,-174163,-75143.7,-39154.9,-32562.8,-15528.5,15528.5,0
1.457,-201996,-180599,-75684.9,-41001.3,-33562.7,-16571.7,16571.7,0
1.458,-197234,-186814,-76180.6,-42834.9,-34568.6,-17638.5,17638.5,0
1.459,-192211,-192785,-76622.9,-44647.2,-35575.2,-18723,18723,0
1.46,-186931,-198489,-77003.7,-46428.8,-36576.9,-19818.3,19818.3,0
1.461,-181400,-203901,-77314.6,-48169.7,-37568.1,-20916.8,20916.8,0
1.462,-175625,-208997,-77547.2,-49859.2,-38542.6,-22010.1,22010.1,0
1.463,-169617,-213754,-77693.2,-51486,-39494.4,-23089.1,23089.1,0
1.464,-163386,-218150,-77744.7,-53038.8,-40417.6,-24144.3,24144.3,0
1.465,-156946,-222164,-77694.3,-54505.7,-41306.3,-25165.5,25165.5,0
1.466,-150313,-225777,-77535.2,-55875.4,-42154.8,-26142.7,26142.7,0
1.467,-143504,-228971,-77261.4,-57136.6,-42958.2,-27065.6,27065.6,0
1.468,-136540,-231733,-76868.1,-58278.8,-43711.7,-27924.4,27924.4,0
1.469,-129443,-234051,-76351.8,-59292.6,-44411.6,-28709.7,28709.7,0
1.47,-122234,-235920,-75710.2,-60169.4,-45054.9,-29412.9,29412.9,0
1.471,-114939,-237336,-74942.8,-60902.4,-45639.5,-30026.5,30026.5,0
1.472,-107583,-238300,-74050.3,-61486.4,-46164.6,-30544,30544,0
1.473,-100192,-238818,-73035.6,-61918.1,-46630.3,-30960.6,30960.6,0
1.474,-92791.2,-238899,-71902.8,-62196,-47038.1,-31273,31273,0
1.475,-85407.4,-238557,-70657.9,-62321,-47390.4,-31479.7,31479.7,0
1.476,-78065.2,-237810,-69308.3,-62295.9,-47691.2,-31581,31581,0
1.477,-70788.3,-236679,-67863,-62125.7,-47945.4,-31578.8,31578.8,0
1.478,-63599.1,-235190,-66332.1,-61817.1,-48159.2,-31476.9,31476.9,0
1.479,-56517.9,-233368,-64726.9,-61378.9,-48339.6,-31280.8,31280.8,0
1.48,-49563.2,-231242,-63059.5,-60821.1,-48494.8,-30997.5,30997.5,0
1.481,-42751.1,-228843,-61343,-60155.4,-48633.5,-30635.1,30635.1,0
1.482,-36095.3,-226201,-59590.7,-59394.4,-48765.5,-30203.2,30203.2,0
1.483,-29607.4,-223346,-57816.6,-58551.3,-48900.8,-29712.2,29712.2,0
1.484,-23296.6,-220309,-56034.5,-57640.1,-49050.1,-29173,29173,0
1.485,-17170.1,-217117,-54258.7,-56674.7,-49224.6,-28597.3,28597.3,0
1.486,-11233.1,-213797,-52503.2,-55669.2,-49435.4,-27996.8,27996.8,0
1.487,-5489.33,-210374,-50781.9,-54637.5,-49694.1,-27383.5,27383.5,0
1.488,58.8572,-206869,-49108.7,-53592.7,-50012.6,-26769.3,26769.3,0
1.489,5409.96,-203302,-47497.3,-52547.6,-50402.8,-26165.6,26165.6,0
1.49,10563,-199689,-45961.3,-51514.3,-50876.6,-25583.7,25583.7,0
1.491,15517.3,-196043,-44514.3,-50503.7,-51446.4,-25034.4,25034.4,0
1.492,20271.7,-192374,-43169.9,-49526.3,-52124.4,-24528,24528,0
1.493,24824.6,-188689,-41941.8,-48591.3,-52923.4,-24074.2,24074.2,0
1.494,29173.2,-184993,-40844,-47707.2,-53856.2,-23682.1,23682.1,0
1.495,33313.3,-181287,-39891,-46881.4,-54936.2,-23360.3,23360.3,0
1.496,37239.2,-177571,-39097.9,-46120.5,-56177,-23116.7,23116.7,0
1.497,40942.6,-173840,-38480.3,-45430.3,-57592.8,-22958.7,22958.7,0
1.498,44413,-170089,-38054.9,-44815.7,-59198.5,-22892.9,22892.9,0
1.499,47637,-166310,-37839.4,-44280.7,-61009.4,-22925.5,22925.5,0
1.5,50598.2,-162495,-37852.6,-43828.7,-63041.8,-23062.1,23062.1,0
1.501,53276.9,-158633,-38114.8,-43462.4,-65312.7,-23307.6,23307.6,0